year,date,month,air_temp_f,water_temp_f,wind_speed_mph,wind_dir,weather,location,general_loc,time_caught,hour_caught,fish_type,fish_length_in,water_depth_ft,skunked,lines_in,lines_out,duration_min,time_caught_bucket
2015,2015-08-27,8,65.0,76.3,8,nw,sunny,north of lockes,lockes,6:20,6,salmon,18.0,20.0,False,6:20,9:00,160.0,"[5, 7)"
2015,2015-08-27,8,65.0,76.3,8,nw,sunny,north of lockes,lockes,7:00,7,rainbow,16.0,20.0,False,6:20,9:00,160.0,"[7, 9)"
2015,2015-08-27,8,65.0,76.3,8,nw,sunny,north of lockes,lockes,7:15,7,smallmouth,12.8,20.0,False,6:20,9:00,160.0,"[7, 9)"
2015,2015-08-27,8,65.0,76.3,8,nw,sunny,north of lockes,lockes,8:40,8,salmon,10.0,37.0,False,6:20,9:00,160.0,"[7, 9)"
2015,2015-08-28,8,65.0,76.3,8,nw,sunny,north of diamond,diamond,7:45,7,rainbow,16.0,43.0,False,7:15,10:30,195.0,"[7, 9)"
2015,2015-04-26,4,52.23529411764706,39.4,0,no_wind,windy,saunders bay,saunders bay,8:00,8,salmon,18.0,2.0,False,8:00,11:00,180.0,"[7, 9)"
2015,2015-04-26,4,52.23529411764706,39.4,0,no_wind,windy,saunders bay,saunders bay,8:15,8,salmon,19.0,2.0,False,8:00,11:00,180.0,"[7, 9)"
2015,2015-04-26,4,52.23529411764706,39.4,0,no_wind,windy,saunders bay,saunders bay,8:30,8,salmon,18.0,2.0,False,8:00,11:00,180.0,"[7, 9)"
2015,2015-04-27,4,52.23529411764706,40.3,0,no_wind,windy,east of little bear bay,little bear bay,7:00,7,salmon,17.26222222222222,21.5,False,7:00,11:30,270.0,"[7, 9)"
2015,2015-04-27,4,52.23529411764706,40.3,0,no_wind,windy,east of little bear bay,little bear bay,8:00,8,salmon,17.26222222222222,2.0,False,7:00,11:30,270.0,"[7, 9)"
2015,2015-04-27,4,52.23529411764706,40.3,0,no_wind,windy,east of little bear bay,little bear bay,9:00,9,salmon,17.26222222222222,2.0,False,7:00,11:30,270.0,"[9, 11)"
2015,2015-04-29,4,46.0,43.2,0,no_wind,sunny,little bear bay,little bear bay,6:30,6,salmon,19.0,2.0,False,6:30,12:20,350.0,"[5, 7)"
2015,2015-04-29,4,46.0,43.2,0,no_wind,sunny,little bear bay,little bear bay,7:45,7,salmon,17.26222222222222,33.0,False,6:30,12:20,350.0,"[7, 9)"
2015,2015-04-29,4,46.0,42.3,0,no_wind,sunny,harilla bay,harilla bay,8:50,8,salmon,18.0,38.0,False,6:30,12:20,350.0,"[7, 9)"
2015,2015-04-29,4,46.0,42.3,0,no_wind,sunny,harilla bay,harilla bay,9:10,9,salmon,18.0,48.0,False,6:30,12:20,350.0,"[9, 11)"
2015,2015-04-30,4,47.0,43.0,0,no_wind,sunny,harilla bay,harilla bay,8:25,8,salmon,18.0,39.0,False,6:10,8:25,135.0,"[7, 9)"
2015,2015-05-01,5,55.0,44.2,0,no_wind,sunny,saunders bay,saunders bay,no_time_recorded,0,no_fish_caught,no_recording,no_recording,True,16:30,18:15,105.0,
2015,2015-05-02,5,42.0,44.0,0,no_wind,sunny,little bear bay,little bear bay,9:00,9,salmon,10.0,36.0,False,6:30,9:45,195.0,"[9, 11)"
2015,2015-05-03,5,51.0,44.8,0,ne,windy,north of lockes,lockes,8:50,8,lake trout,17.555555555555557,75.0,False,8:00,10:30,150.0,"[7, 9)"
2015,2015-05-03,5,51.0,44.8,0,ne,windy,north of lockes,lockes,9:00,9,lake trout,17.555555555555557,90.0,False,8:00,10:30,150.0,"[9, 11)"
2015,2015-05-14,5,45.0,50.0,10,nw,no_weather_recorded,north of lockes,lockes,7:45,7,salmon,17.0,28.0,False,7:15,11:55,280.0,"[7, 9)"
2015,2015-05-14,5,45.0,50.0,10,nw,no_weather_recorded,south of witches,witches,8:45,8,salmon,20.0,38.0,False,7:15,11:55,280.0,"[7, 9)"
2015,2015-05-14,5,45.0,50.0,0,no_wind,no_weather_recorded,north of lockes,lockes,8:55,8,salmon,17.26222222222222,no_recording,False,7:15,11:55,280.0,"[7, 9)"
14:30,2015-05-15,5,69.0,55.0,5,nw,no_weather_recorded,harilla bay,harilla bay,14:30,14,salmon,18.0,no_recording,False,14:30,16:20,110.0,"[13, 15)"
2015,2015-05-15,5,69.0,55.0,5,nw,no_weather_recorded,little bear bay,little bear bay,16:20,16,salmon,18.0,no_recording,False,14:30,16:20,110.0,"[15, 17)"
2015,2015-05-16,5,53.0,57.0,5,nw,overcast,little bear bay,little bear bay,8:30,8,salmon,10.0,10.0,False,5:15,9:30,255.0,"[7, 9)"
2015,2015-05-17,5,58.0,58.0,0,no_wind,no_weather_recorded,harilla bay,harilla bay,5:45,5,rainbow,15.0,2.0,False,5:20,10:15,295.0,"[5, 7)"
2015,2015-05-17,5,58.0,58.0,0,no_wind,no_weather_recorded,harilla bay,harilla bay,6:00,6,salmon,14.0,no_recording,False,5:20,10:15,295.0,"[5, 7)"
2015,2015-06-04,6,51.0,57.5,6,sw,overcast,north of rattlesnake,rattlesnake,no_time_recorded,0,no_fish_caught,no_recording,no_recording,True,5:15,7:45,150.0,
2015,2015-06-04,6,51.0,57.5,6,sw,overcast,diamond,diamond,no_time_recorded,0,no_fish_caught,no_recording,no_recording,True,5:15,7:45,150.0,
2015,2015-06-06,6,59.0,59.0,6,se,overcast,welch,welch,7:25,7,salmon,18.0,no_recording,False,5:45,7:40,115.0,"[7, 9)"
2015,2015-06-06,6,59.0,59.0,6,se,overcast,welch,welch,7:40,7,salmon,15.0,no_recording,False,5:45,7:40,115.0,"[7, 9)"
2015,2015-06-07,6,40.0,59.0,0,no_wind,sunny,wolfboro bay,wolfboro bay,7:25,7,lake trout,18.0,15.0,False,6:30,10:30,240.0,"[7, 9)"
2015,2015-06-07,6,40.0,59.0,0,no_wind,sunny,wolfboro bay,wolfboro bay,7:40,7,lake trout,18.0,20.0,False,6:30,10:30,240.0,"[7, 9)"
2015,2015-06-07,6,40.0,59.0,0,no_wind,sunny,wolfboro bay,wolfboro bay,8:30,8,rainbow,16.0,15.0,False,6:30,10:30,240.0,"[7, 9)"
2015,2015-06-12,6,66.0,63.6,8,nw,overcast,north of diamond,diamond,no_time_recorded,0,no_fish_caught,no_recording,no_recording,True,7:15,9:10,115.0,
2015,2015-06-13,6,65.0,65.0,10,nw,sunny,long island,long island,8:45,8,rainbow,19.0,13.0,False,7:15,9:45,150.0,"[7, 9)"
2015,2015-06-14,6,63.0,66.0,6,sw,overcast,east of witches,witches,7:50,7,salmon,16.0,no_recording,False,7:30,7:50,20.0,"[7, 9)"
2015,2015-06-26,6,59.0,68.0,10,sw,overcast,east of witches,witches,no_time_recorded,0,no_fish_caught,no_recording,no_recording,True,6:45,8:30,105.0,
2015,2015-06-27,6,54.0,68.8,3,s,sunny,north of lockes,lockes,8:30,8,rainbow,19.0,20.0,False,7:15,10:00,165.0,"[7, 9)"
2015,2015-07-03,7,58.0,68.3,8,nw,sunny,east of welch,welch,no_time_recorded,0,no_fish_caught,no_recording,no_recording,True,7:55,10:20,145.0,
2015,2015-07-05,7,64.0,68.2,12,sw,sunny,east of welch,welch,7:40,7,salmon,20.0,100.0,False,7:00,8:30,90.0,"[7, 9)"
2015,2015-07-05,7,64.0,68.2,12,sw,sunny,east of welch,welch,8:00,8,salmon,18.0,17.0,False,7:00,8:30,90.0,"[7, 9)"
2015,2015-07-05,7,64.0,68.2,12,sw,sunny,east of welch,welch,8:30,8,rainbow,16.0,25.0,False,7:00,8:30,90.0,"[7, 9)"
2015,2015-07-07,7,69.0,70.4,0,no_wind,overcast,north of diamond,diamond,no_time_recorded,0,no_fish_caught,no_recording,no_recording,True,7:30,9:15,105.0,
2015,2015-07-11,7,68.0,72.0,5,nw,sunny,south of sandy,sandy,8:30,8,salmon,10.0,25.0,False,6:30,9:20,170.0,"[7, 9)"
2015,2015-07-11,7,68.0,72.0,5,nw,sunny,south of sandy,sandy,8:40,8,salmon,10.0,20.0,False,6:30,9:20,170.0,"[7, 9)"
2015,2015-07-11,7,68.0,72.0,5,nw,sunny,south of sandy,sandy,9:00,9,lake trout,18.0,20.0,False,6:30,9:20,170.0,"[9, 11)"
2015,2015-07-12,7,69.0,72.0,10,nw,sunny,south of sandy,sandy,9:30,9,salmon,10.0,25.0,False,8:30,10:20,110.0,"[9, 11)"
2015,2015-07-12,7,69.0,72.0,10,nw,sunny,south of sandy,sandy,10:20,10,lake trout,10.0,25.0,False,8:30,10:20,110.0,"[9, 11)"
2015,2015-07-13,7,69.0,74.3,3,nw,sunny,welch,welch,no_time_recorded,0,no_fish_caught,no_recording,no_recording,True,7:00,9:00,120.0,
2015,2015-07-16,7,52.0,73.5,3,s,no_weather_recorded,east of lockes,lockes,7:12,7,salmon,18.0,17.0,False,7:00,9:50,170.0,"[7, 9)"
2015,2015-07-16,7,52.0,73.5,3,s,no_weather_recorded,east of lockes,lockes,8:20,8,salmon,16.0,19.0,False,7:00,9:50,170.0,"[7, 9)"
2015,2015-07-17,7,53.0,73.3,5,nw,no_weather_recorded,south of sandy,sandy,no_time_recorded,0,no_fish_caught,no_recording,no_recording,True,6:20,7:45,85.0,
2015,2015-07-18,7,62.0,73.4,15,se,raining,south of sandy,sandy,6:35,6,salmon,17.0,88.0,False,6:15,10:30,255.0,"[5, 7)"
2015,2015-07-18,7,62.0,73.4,15,se,raining,south of sandy,sandy,6:55,6,lake trout,20.0,135.0,False,6:15,10:30,255.0,"[5, 7)"
2015,2015-07-18,7,62.0,73.4,15,se,raining,diamond,diamond,7:55,7,salmon,17.0,17.0,False,6:15,10:30,255.0,"[7, 9)"
2015,2015-07-18,7,62.0,73.4,15,se,raining,diamond,diamond,8:10,8,rainbow,16.0,17.0,False,6:15,10:30,255.0,"[7, 9)"
2015,2015-07-18,7,62.0,73.4,15,se,raining,diamond,diamond,7:55,7,salmon,17.0,17.0,False,6:15,10:30,255.0,"[7, 9)"
2015,2015-07-18,7,62.0,73.4,15,se,raining,diamond,diamond,8:25,8,salmon,17.0,17.0,False,6:15,10:30,255.0,"[7, 9)"
2015,2015-07-18,7,62.0,73.4,15,se,raining,diamond,diamond,9:40,9,rainbow,16.0,17.0,False,6:15,10:30,255.0,"[9, 11)"
2015,2015-07-19,7,68.0,73.8,3,nw,hazy,west of 6 mile,6 mile,no_time_recorded,0,no_fish_caught,no_recording,no_recording,True,7:00,8:30,90.0,
2015,2015-07-21,7,69.0,75.3,5,sw,no_weather_recorded,east of lockes,lockes,7:10,7,salmon,19.0,25.0,False,6:30,10:15,225.0,"[7, 9)"
2015,2015-07-21,7,69.0,75.3,5,sw,no_weather_recorded,east of lockes,lockes,7:20,7,salmon,19.0,25.0,False,6:30,10:15,225.0,"[7, 9)"
2015,2015-07-21,7,69.0,75.3,5,sw,no_weather_recorded,east of lockes,lockes,7:40,7,salmon,19.0,25.0,False,6:30,10:15,225.0,"[7, 9)"
2015,2015-07-21,7,69.0,75.3,5,sw,no_weather_recorded,south of welch,welch,9:20,9,salmon,19.0,35.0,False,6:30,10:15,225.0,"[9, 11)"
2015,2015-07-21,7,69.0,75.3,5,sw,no_weather_recorded,south of welch,welch,9:40,9,salmon,19.0,35.0,False,6:30,10:15,225.0,"[9, 11)"
2015,2015-07-21,7,69.0,75.3,5,sw,no_weather_recorded,south of welch,welch,9:45,9,salmon,19.0,35.0,False,6:30,10:15,225.0,"[9, 11)"
2015,2015-07-22,7,61.0,75.0,15,nw,no_weather_recorded,south of welch,welch,6:55,6,salmon,16.0,no_recording,False,6:30,10:30,240.0,"[5, 7)"
2015,2015-07-22,7,61.0,75.0,15,nw,no_weather_recorded,south of welch,welch,7:15,7,rainbow,15.0,no_recording,False,6:30,10:30,240.0,"[7, 9)"
2015,2015-07-22,7,61.0,75.0,10,nw,no_weather_recorded,east of witches,witches,9:30,9,salmon,16.0,no_recording,False,6:30,10:30,240.0,"[9, 11)"
2015,2015-07-22,7,61.0,75.0,10,nw,no_weather_recorded,east of witches,witches,9:45,9,salmon,17.0,no_recording,False,6:30,10:30,240.0,"[9, 11)"
2015,2015-07-30,7,72.0,76.7,5,w,sunny,south of welch,welch,no_time_recorded,0,no_fish_caught,no_recording,no_recording,True,7:30,9:10,100.0,
2015,2015-08-02,8,56.0,75.0,5,sw,sunny,west of witches,witches,6:10,6,salmon,18.0,15.0,False,6:00,8:00,120.0,"[5, 7)"
2015,2015-08-02,8,56.0,75.0,5,sw,sunny,west of witches,witches,6:25,6,salmon,18.0,15.0,False,6:00,8:00,120.0,"[5, 7)"
2015,2015-08-02,8,56.0,75.0,5,sw,sunny,west of witches,witches,6:35,6,rainbow,15.0,15.0,False,6:00,8:00,120.0,"[5, 7)"
2015,2015-08-02,8,56.0,75.0,5,sw,sunny,west of witches,witches,6:50,6,rainbow,13.0,110.0,False,6:00,8:00,120.0,"[5, 7)"
2015,2015-08-02,8,56.0,75.0,5,sw,sunny,west of witches,witches,7:00,7,salmon,10.0,27.0,False,6:00,8:00,120.0,"[7, 9)"
2015,2015-08-02,8,56.0,75.0,5,sw,sunny,west of witches,witches,7:15,7,salmon,15.0,27.0,False,6:00,8:00,120.0,"[7, 9)"
2015,2015-08-02,8,56.0,75.0,5,sw,sunny,west of witches,witches,7:20,7,rainbow,15.0,27.0,False,6:00,8:00,120.0,"[7, 9)"
2015,2015-08-02,8,56.0,75.0,5,sw,sunny,west of witches,witches,7:30,7,salmon,15.0,27.0,False,6:00,8:00,120.0,"[7, 9)"
2015,2015-08-02,8,56.0,75.0,5,sw,sunny,west of witches,witches,8:00,8,rainbow,17.0,150.0,False,6:00,8:00,120.0,"[7, 9)"
2015,2015-08-06,8,56.0,75.0,12,nw,sunny,west of welch,welch,7:10,7,salmon,20.0,20.0,False,6:30,9:00,150.0,"[7, 9)"
2015,2015-08-06,8,56.0,75.0,12,nw,sunny,west of welch,welch,8:05,8,salmon,18.0,27.0,False,6:30,9:00,150.0,"[7, 9)"
2015,2015-08-07,8,54.0,74.5,7,sw,sunny,diamond,diamond,6:25,6,rainbow,16.0,27.0,False,6:10,9:45,215.0,"[5, 7)"
2015,2015-08-07,8,54.0,74.5,7,sw,sunny,diamond,diamond,6:55,6,salmon,17.0,20.0,False,6:10,9:45,215.0,"[5, 7)"
2015,2015-08-07,8,54.0,74.5,7,sw,sunny,diamond,diamond,7:50,7,salmon,23.0,98.0,False,6:10,9:45,215.0,"[7, 9)"
2015,2015-08-07,8,54.0,74.5,7,sw,sunny,diamond,diamond,9:30,9,salmon,10.0,27.0,False,6:10,9:45,215.0,"[9, 11)"
2015,2015-08-08,8,55.0,74.8,5,nw,sunny,north of sandy,sandy,6:20,6,salmon,18.0,98.0,False,5:45,10:10,265.0,"[5, 7)"
2015,2015-08-08,8,55.0,74.8,5,nw,sunny,north of diamond,diamond,6:35,6,salmon,17.0,20.0,False,5:45,10:10,265.0,"[5, 7)"
2015,2015-08-08,8,55.0,74.8,5,nw,sunny,north of sandy,sandy,9:00,9,salmon,19.0,45.0,False,5:45,10:10,265.0,"[9, 11)"
2015,2015-08-08,8,55.0,74.8,5,nw,sunny,north of sandy,sandy,9:50,9,lake trout,18.0,175.0,False,5:45,10:10,265.0,"[9, 11)"
2015,2015-08-09,8,59.0,74.7,6,sw,sunny,south of diamond,diamond,no_time_recorded,0,no_fish_caught,no_recording,no_recording,True,6:15,8:00,105.0,
2015,2015-08-14,8,60.0,74.3,8,nw,sunny,west of lockes,lockes,6:15,6,salmon,21.0,29.0,False,6:00,10:10,250.0,"[5, 7)"
2015,2015-08-14,8,60.0,74.3,8,nw,sunny,west of lockes,lockes,6:20,6,salmon,21.0,90.0,False,6:00,10:10,250.0,"[5, 7)"
2015,2015-08-14,8,60.0,74.3,8,nw,sunny,west of lockes,lockes,7:20,7,salmon,16.0,29.0,False,6:00,10:10,250.0,"[7, 9)"
2015,2015-08-14,8,60.0,74.3,8,nw,sunny,west of welch,welch,8:40,8,salmon,17.0,37.0,False,6:00,10:10,250.0,"[7, 9)"
2015,2015-08-14,8,60.0,74.3,8,nw,sunny,west of lockes,lockes,9:00,9,salmon,22.0,20.0,False,6:00,10:10,250.0,"[9, 11)"
2015,2015-08-15,8,60.0,74.4,8,nw,sunny,north of lockes,lockes,6:20,6,salmon,17.0,15.0,False,6:15,7:00,45.0,"[5, 7)"
2015,2015-08-15,8,60.0,74.4,8,nw,sunny,north of lockes,lockes,6:40,6,rainbow,16.0,39.0,False,6:15,7:00,45.0,"[5, 7)"
2015,2015-08-15,8,60.0,74.4,8,nw,sunny,north of lockes,lockes,7:00,7,rainbow,20.0,15.0,False,6:15,7:00,45.0,"[7, 9)"
2015,2015-08-18,8,66.0,76.5,6,sw,sunny,south of welch,welch,6:30,6,salmon,17.0,31.0,False,6:15,9:00,165.0,"[5, 7)"
2015,2015-08-18,8,66.0,76.5,6,sw,sunny,south of welch,welch,6:35,6,salmon,18.0,20.0,False,6:15,9:00,165.0,"[5, 7)"
2015,2015-08-18,8,66.0,76.5,6,sw,sunny,south of welch,welch,7:25,7,salmon,20.0,20.0,False,6:15,9:00,165.0,"[7, 9)"
2015,2015-08-18,8,66.0,76.5,6,sw,sunny,south of welch,welch,8:10,8,lake trout,15.0,15.0,False,6:15,9:00,165.0,"[7, 9)"
2015,2015-08-18,8,66.0,76.5,6,sw,sunny,south of welch,welch,8:45,8,rainbow,20.0,20.0,False,6:15,9:00,165.0,"[7, 9)"
2015,2015-08-19,8,73.0,78.2,7,s,sunny,north of welch,welch,7:15,7,salmon,18.0,20.0,False,7:15,8:30,75.0,"[7, 9)"
2015,2015-08-20,8,75.0,77.9,6,se,sunny,south of welch,welch,no_time_recorded,0,no_fish_caught,no_recording,no_recording,True,8:00,9:30,90.0,
2015,2015-08-22,8,63.0,76.4,4,sw,overcast,east of lockes,lockes,6:20,6,salmon,17.0,15.0,False,6:15,9:25,190.0,"[5, 7)"
2015,2015-08-22,8,63.0,76.4,4,sw,overcast,east of lockes,lockes,6:50,6,salmon,16.0,15.0,False,6:15,9:25,190.0,"[5, 7)"
2015,2015-08-22,8,63.0,76.4,4,sw,overcast,east of lockes,lockes,7:00,7,rainbow,15.0,15.0,False,6:15,9:25,190.0,"[7, 9)"
2015,2015-08-22,8,63.0,76.4,4,sw,overcast,east of lockes,lockes,9:00,9,rainbow,15.0,20.0,False,6:15,9:25,190.0,"[9, 11)"
2015,2015-08-23,8,61.0,76.7,6,s,overcast,north of welch,welch,6:10,6,salmon,17.0,31.0,False,6:00,10:00,240.0,"[5, 7)"
2015,2015-08-23,8,61.0,76.7,6,s,overcast,north of welch,welch,6:20,6,salmon,10.0,27.0,False,6:00,10:00,240.0,"[5, 7)"
2015,2015-08-23,8,61.0,76.7,6,s,overcast,north of lockes,lockes,7:10,7,salmon,17.0,31.0,False,6:00,10:00,240.0,"[7, 9)"
2015,2015-08-23,8,61.0,76.7,6,s,overcast,north of lockes,lockes,7:20,7,salmon,17.0,31.0,False,6:00,10:00,240.0,"[7, 9)"
2015,2015-08-23,8,61.0,76.7,6,s,overcast,north of lockes,lockes,7:30,7,salmon,18.0,20.0,False,6:00,10:00,240.0,"[7, 9)"
2015,2015-08-23,8,61.0,76.7,6,s,overcast,north of lockes,lockes,8:10,8,lake trout,16.0,43.0,False,6:00,10:00,240.0,"[7, 9)"
2015,2015-08-23,8,61.0,76.7,6,s,overcast,north of diamond,diamond,9:00,9,salmon,17.0,20.0,False,6:00,10:00,240.0,"[9, 11)"
2015,2015-08-23,8,61.0,76.7,6,s,overcast,north of diamond,diamond,9:10,9,salmon,19.0,20.0,False,6:00,10:00,240.0,"[9, 11)"
2015,2015-08-23,8,61.0,76.7,6,s,overcast,north of diamond,diamond,9:30,9,salmon,17.0,20.0,False,6:00,10:00,240.0,"[9, 11)"
2015,2015-08-23,8,61.0,76.7,6,s,overcast,north of diamond,diamond,9:45,9,salmon,10.0,31.0,False,6:00,10:00,240.0,"[9, 11)"
2015,2015-08-23,8,61.0,76.7,6,s,overcast,north of welch,welch,9:55,9,salmon,10.0,25.0,False,6:00,10:00,240.0,"[9, 11)"
2015,2015-08-25,8,71.0,76.7,4,se,overcast,south of sandy,sandy,6:40,6,rainbow,15.0,15.0,False,6:40,8:45,125.0,"[5, 7)"
2015,2015-08-25,8,71.0,76.7,12,se,overcast,south of sandy,sandy,6:45,6,salmon,18.0,15.0,False,6:40,8:45,125.0,"[5, 7)"
2015,2015-08-25,8,71.0,76.7,12,se,overcast,south of sandy,sandy,7:05,7,salmon,19.0,15.0,False,6:40,8:45,125.0,"[7, 9)"
2015,2015-08-25,8,71.0,76.7,12,se,overcast,south of sandy,sandy,7:10,7,salmon,19.0,15.0,False,6:40,8:45,125.0,"[7, 9)"
2015,2015-08-25,8,71.0,76.7,12,se,overcast,south of sandy,sandy,7:25,7,salmon,19.0,15.0,False,6:40,8:45,125.0,"[7, 9)"
2015,2015-08-25,8,71.0,76.7,12,se,overcast,south of sandy,sandy,7:40,7,salmon,18.0,15.0,False,6:40,8:45,125.0,"[7, 9)"
2015,2015-08-25,8,71.0,76.7,12,se,overcast,south of sandy,sandy,7:45,7,salmon,19.0,15.0,False,6:40,8:45,125.0,"[7, 9)"
2015,2015-08-25,8,71.0,76.7,12,se,overcast,south of sandy,sandy,8:45,8,salmon,17.0,15.0,False,6:40,8:45,125.0,"[7, 9)"
2015,2015-08-27,8,65.0,76.2,8,nw,sunny,north of lockes,lockes,6:20,6,salmon,18.0,20.0,False,6:20,9:30,190.0,"[5, 7)"
2015,2015-08-27,8,65.0,76.2,8,nw,sunny,north of lockes,lockes,6:50,6,rainbow,16.0,20.0,False,6:20,9:30,190.0,"[5, 7)"
2015,2015-08-27,8,65.0,76.2,8,nw,sunny,north of lockes,lockes,7:30,7,salmon,10.0,37.0,False,6:20,9:30,190.0,"[7, 9)"
2015,2015-08-28,8,63.0,75.2,5,nw,sunny,north of diamond,diamond,7:45,7,rainbow,16.0,43.0,False,7:15,10:30,195.0,"[7, 9)"
2015,2015-08-28,8,63.0,75.2,5,nw,sunny,north of diamond,diamond,9:05,9,salmon,21.0,20.0,False,7:15,10:30,195.0,"[9, 11)"
2015,2015-08-28,8,63.0,75.2,5,nw,sunny,north of diamond,diamond,9:20,9,salmon,17.0,20.0,False,7:15,10:30,195.0,"[9, 11)"
2015,2015-08-28,8,63.0,75.2,5,nw,sunny,north of diamond,diamond,9:30,9,salmon,18.0,43.0,False,7:15,10:30,195.0,"[9, 11)"
2015,2015-08-28,8,63.0,75.2,5,nw,sunny,north of diamond,diamond,9:45,9,salmon,17.0,20.0,False,7:15,10:30,195.0,"[9, 11)"
2015,2015-08-28,8,63.0,75.2,5,nw,sunny,north of diamond,diamond,10:00,10,salmon,10.0,20.0,False,7:15,10:30,195.0,"[9, 11)"
2015,2015-08-28,8,63.0,75.2,5,nw,sunny,north of diamond,diamond,10:15,10,salmon,10.0,27.0,False,7:15,10:30,195.0,"[9, 11)"
2015,2015-08-29,8,62.0,74.8,6,sw,hazy,south of welch,welch,9:00,9,lake trout,19.0,25.0,False,7:30,10:45,195.0,"[9, 11)"
2015,2015-08-29,8,62.0,74.8,6,sw,hazy,south of welch,welch,9:50,9,rainbow,16.0,20.0,False,7:30,10:45,195.0,"[9, 11)"
2015,2015-08-29,8,62.0,74.8,6,sw,hazy,south of welch,welch,10:00,10,salmon,20.0,25.0,False,7:30,10:45,195.0,"[9, 11)"
2015,2015-08-29,8,62.0,74.8,6,sw,hazy,south of welch,welch,10:15,10,rainbow,16.0,150.0,False,7:30,10:45,195.0,"[9, 11)"
2015,2015-08-30,8,63.0,75.3,4,w,overcast,north of diamond,diamond,8:50,8,salmon,17.0,20.0,False,7:30,10:25,175.0,"[7, 9)"
2015,2015-08-30,8,63.0,75.3,4,w,overcast,north of diamond,diamond,9:00,9,salmon,10.0,27.0,False,7:30,10:25,175.0,"[9, 11)"
2015,2015-08-30,8,63.0,75.3,4,w,overcast,north of diamond,diamond,9:45,9,salmon,10.0,33.0,False,7:30,10:25,175.0,"[9, 11)"
2015,2015-09-01,9,68.0,74.9,4,w,sunny,north of welch,welch,7:10,7,rainbow,14.0,20.0,False,7:00,10:00,180.0,"[7, 9)"
2015,2015-09-01,9,68.0,74.9,4,w,sunny,north of welch,welch,7:25,7,salmon,19.0,20.0,False,7:00,10:00,180.0,"[7, 9)"
2015,2015-09-02,9,69.0,75.6,7,nw,sunny,weirs marina,weirs marina,7:20,7,salmon,21.0,20.0,False,7:15,10:00,165.0,"[7, 9)"
2015,2015-09-02,9,69.0,75.6,7,nw,sunny,weirs marina,weirs marina,7:35,7,salmon,17.0,29.0,False,7:15,10:00,165.0,"[7, 9)"
2015,2015-09-03,9,69.0,75.5,4,nw,hazy,north of diamond,diamond,6:30,6,white perch,10.0,no_recording,False,6:30,9:30,180.0,"[5, 7)"
2015,2015-09-03,9,69.0,75.5,4,nw,hazy,north of diamond,diamond,6:45,6,lake trout,17.0,29.0,False,6:30,9:30,180.0,"[5, 7)"
2015,2015-09-03,9,69.0,75.5,4,nw,hazy,north of diamond,diamond,6:55,6,salmon,18.0,20.0,False,6:30,9:30,180.0,"[5, 7)"
2015,2015-09-03,9,69.0,75.5,4,nw,hazy,north of diamond,diamond,7:10,7,salmon,21.0,20.0,False,6:30,9:30,180.0,"[7, 9)"
2015,2015-09-03,9,69.0,75.5,4,nw,hazy,north of diamond,diamond,8:20,8,rainbow,15.0,20.0,False,6:30,9:30,180.0,"[7, 9)"
2015,2015-09-03,9,69.0,75.5,4,nw,hazy,north of diamond,diamond,9:15,9,salmon,20.0,33.0,False,6:30,9:30,180.0,"[9, 11)"
2015,2015-09-05,9,53.0,75.0,5,sw,sunny,north of lockes,lockes,8:15,8,salmon,17.0,35.0,False,7:00,11:00,240.0,"[7, 9)"
2015,2015-09-05,9,53.0,75.0,5,sw,sunny,north of diamond,diamond,9:35,9,salmon,23.0,20.0,False,7:00,11:00,240.0,"[9, 11)"
2015,2015-09-05,9,53.0,75.0,5,sw,sunny,north of diamond,diamond,10:10,10,rainbow,17.0,20.0,False,7:00,11:00,240.0,"[9, 11)"
2015,2015-09-06,9,65.0,75.7,8,w,sunny,north of diamond,diamond,7:00,7,salmon,17.0,20.0,False,7:00,9:15,135.0,"[7, 9)"
2015,2015-09-06,9,65.0,75.7,8,w,sunny,north of diamond,diamond,8:40,8,salmon,22.0,20.0,False,7:00,9:15,135.0,"[7, 9)"
2015,2015-09-06,9,65.0,75.7,8,w,sunny,north of diamond,diamond,9:10,9,salmon,17.0,20.0,False,7:00,9:15,135.0,"[9, 11)"
2015,2015-09-07,9,63.0,75.4,8,w,sunny,north of diamond,diamond,8:30,8,salmon,22.0,20.0,False,8:10,10:00,110.0,"[7, 9)"
2015,2015-09-08,9,68.0,76.0,12,nw,sunny,north of diamond,diamond,8:20,8,salmon,15.0,25.0,False,7:10,8:20,70.0,"[7, 9)"
2015,2015-09-12,9,59.0,75.3,7,nw,sunny,north of diamond,diamond,7:05,7,rainbow,10.0,20.0,False,6:30,10:40,250.0,"[7, 9)"
2015,2015-09-12,9,59.0,75.3,7,nw,sunny,east of rattlesnake,rattlesnake,8:55,8,salmon,18.0,20.0,False,6:30,10:40,250.0,"[7, 9)"
2015,2015-09-12,9,59.0,75.3,7,nw,sunny,east of rattlesnake,rattlesnake,9:15,9,salmon,18.0,20.0,False,6:30,10:40,250.0,"[9, 11)"
2015,2015-09-12,9,59.0,75.3,7,nw,sunny,east of rattlesnake,rattlesnake,9:40,9,salmon,10.0,27.0,False,6:30,10:40,250.0,"[9, 11)"
2015,2015-09-12,9,59.0,75.3,7,nw,sunny,north of diamond,diamond,10:30,10,lake trout,18.0,20.0,False,6:30,10:40,250.0,"[9, 11)"
2015,2015-09-16,9,57.0,72.2,5,w,sunny,south of welch,welch,no_time_recorded,0,no_fish_caught,no_recording,no_recording,True,7:00,9:45,165.0,
2015,2015-09-17,9,59.0,72.3,7,w,sunny,north of diamond,diamond,no_time_recorded,0,no_fish_caught,no_recording,no_recording,True,6:45,9:00,135.0,
2015,2015-09-18,9,59.0,73.7,0,no_wind,sunny,alton bay,alton bay,8:35,8,salmon,17.0,25.0,False,7:10,10:00,170.0,"[7, 9)"
2015,2015-09-18,9,59.0,73.7,0,no_wind,sunny,alton bay,alton bay,9:20,9,rainbow,16.0,25.0,False,7:10,10:00,170.0,"[9, 11)"
2015,2015-09-19,9,57.0,73.5,3,sw,sunny,alton bay,alton bay,8:35,8,salmon,20.0,35.0,False,7:10,10:15,185.0,"[7, 9)"
2015,2015-09-19,9,57.0,73.5,3,sw,sunny,alton bay,alton bay,8:45,8,salmon,18.0,29.0,False,7:10,10:15,185.0,"[7, 9)"
2015,2015-09-22,9,50.0,71.1,4,ne,overcast,north of welch,welch,no_time_recorded,0,no_fish_caught,no_recording,no_recording,True,7:30,9:25,115.0,
2015,2015-09-23,9,49.0,70.9,10,nw,sunny,alton bay,alton bay,no_time_recorded,0,no_fish_caught,no_recording,no_recording,True,7:45,10:30,165.0,
2016,2016-04-18,4,60.0,48.0,7,se,sunny,harilla bay,harilla bay,14:00,14,salmon,18.0,2.0,False,13:00,16:00,180.0,"[13, 15)"
2016,2016-04-18,4,60.0,48.0,7,se,sunny,harilla bay,harilla bay,14:02,14,salmon,17.0,2.0,False,13:00,16:00,180.0,"[13, 15)"
2016,2016-04-18,4,60.0,48.0,7,se,sunny,harilla bay,harilla bay,14:30,14,salmon,17.0,2.0,False,13:00,16:00,180.0,"[13, 15)"
2016,2016-04-21,4,66.0,50.0,6,sw,sunny,harilla bay,harilla bay,14:55,14,salmon,22.0,2.0,False,14:15,15:45,90.0,"[13, 15)"
2016,2016-04-21,4,66.0,50.0,6,sw,sunny,harilla bay,harilla bay,15:30,15,salmon,23.0,2.0,False,14:15,15:45,90.0,"[15, 17)"
2016,2016-05-28,5,68.0,60.6,0,no_wind,sunny,east of welch,welch,8:04,8,rainbow,17.5,15.0,False,7:45,9:30,105.0,"[7, 9)"
2016,2016-05-29,5,65.0,62.9,12,se,overcast,north of lockes,lockes,no_time_recorded,0,no_fish_caught,no_recording,no_recording,True,7:30,9:00,90.0,
2016,2016-06-04,6,65.0,64.9,5,w,sunny,north of welch,welch,8:03,8,rainbow,17.0,15.0,False,7:45,10:15,150.0,"[7, 9)"
2016,2016-06-04,6,65.0,64.9,5,w,sunny,north of welch,welch,8:25,8,salmon,19.0,18.0,False,7:45,10:15,150.0,"[7, 9)"
2016,2016-06-05,6,64.0,67.7,12,ne,overcast,north of timber,timber,no_time_recorded,0,no_fish_caught,no_recording,no_recording,True,8:00,9:30,90.0,
2016,2016-06-11,6,64.0,57.0,6,sw,overcast,north of welch,welch,12:45,12,salmon,17.0,2.0,False,12:30,16:00,210.0,"[11, 13)"
2016,2016-06-12,6,60.0,59.0,15,sw,sunny,east of governors,governors,9:00,9,lake trout,17.0,37.0,False,7:30,10:30,180.0,"[9, 11)"
2016,2016-06-12,6,60.0,59.0,15,sw,sunny,east of governors,governors,9:30,9,lake trout,19.0,37.0,False,7:30,10:30,180.0,"[9, 11)"
2016,2016-06-18,6,60.0,65.0,0,no_wind,sunny,north of welch,welch,10:30,10,salmon,10.0,41.0,False,8:15,11:00,165.0,"[9, 11)"
2016,2016-06-19,6,63.0,63.0,5,w,sunny,north of diamond,diamond,10:00,10,salmon,10.0,27.0,False,8:15,10:30,135.0,"[9, 11)"
2016,2016-06-24,6,60.0,67.0,5,w,sunny,north of diamond,diamond,9:50,9,salmon,10.0,49.0,False,7:30,10:15,165.0,"[9, 11)"
2016,2016-06-25,6,68.0,68.0,4,s,sunny,north of diamond,diamond,no_time_recorded,0,no_fish_caught,no_recording,no_recording,True,7:30,9:45,135.0,
2016,2016-06-29,6,71.0,70.7,4,ne,overcast,north of diamond,diamond,no_time_recorded,0,no_fish_caught,no_recording,no_recording,True,8:00,10:15,135.0,
2016,2016-07-12,7,62.0,71.8,8,sw,sunny,east of welch,welch,7:45,7,white perch,10.0,25.0,False,7:45,10:45,180.0,"[7, 9)"
2016,2016-07-12,7,62.0,71.8,8,sw,sunny,east of welch,welch,7:55,7,salmon,10.0,31.0,False,7:45,10:45,180.0,"[7, 9)"
2016,2016-07-12,7,62.0,71.8,8,sw,sunny,east of welch,welch,8:35,8,smallmouth,10.0,25.0,False,7:45,10:45,180.0,"[7, 9)"
2016,2016-07-13,7,71.0,72.5,3,w,sunny,north of lockes,lockes,8:10,8,rainbow,10.0,29.0,False,7:45,10:30,165.0,"[7, 9)"
2016,2016-07-15,7,72.0,73.4,8,sw,sunny,north of diamond,diamond,no_time_recorded,0,no_fish_caught,no_recording,no_recording,True,8:00,10:00,120.0,
7:40,2016-08-03,8,60.0,75.6,4,sw,sunny,north of lockes,lockes,no_time_recorded,0,no_fish_caught,no_recording,no_recording,True,7:40,10:15,155.0,
2016,2016-08-08,8,60.0,75.3,8,w,sunny,north of lockes,lockes,7:50,7,salmon,18.0,20.0,False,7:00,10:10,190.0,"[7, 9)"
2016,2016-08-08,8,60.0,75.3,8,w,sunny,north of lockes,lockes,9:30,9,salmon,19.0,22.0,False,7:00,10:10,190.0,"[9, 11)"
2016,2016-08-10,8,66.0,76.2,4,nw,overcast,east of welch,welch,7:50,7,rainbow,17.0,31.0,False,7:30,10:15,165.0,"[7, 9)"
2016,2016-08-10,8,66.0,76.2,4,nw,overcast,east of welch,welch,9:20,9,rainbow,13.0,31.0,False,7:30,10:15,165.0,"[9, 11)"
2016,2016-08-14,8,85.0,76.7,8,w,overcast,north of diamond,diamond,11:45,11,salmon,21.0,31.0,False,11:30,12:30,60.0,"[11, 13)"
2016,2016-08-16,8,62.0,75.9,6,nw,overcast,north of diamond,diamond,8:00,8,salmon,17.0,23.0,False,7:45,10:00,135.0,"[7, 9)"
2016,2016-08-16,8,62.0,75.9,6,nw,overcast,north of diamond,diamond,8:15,8,lake trout,21.0,30.0,False,7:45,10:00,135.0,"[7, 9)"
2016,2016-08-16,8,62.0,75.9,6,nw,overcast,north of diamond,diamond,8:35,8,salmon,10.0,31.0,False,7:45,10:00,135.0,"[7, 9)"
2016,2016-08-18,8,62.0,74.6,7,sw,overcast,north of welch,welch,8:15,8,salmon,18.0,23.0,False,7:30,9:15,105.0,"[7, 9)"
2016,2016-08-20,8,65.0,75.6,10,se,sunny,north of welch,welch,9:25,9,salmon,10.0,37.0,False,8:00,10:15,135.0,"[9, 11)"
2016,2016-08-21,8,65.0,75.1,0,no_wind,overcast,north of diamond,diamond,7:45,7,salmon,10.0,35.0,False,7:30,10:30,180.0,"[7, 9)"
2016,2016-08-21,8,65.0,75.1,0,no_wind,overcast,north of diamond,diamond,8:05,8,salmon,22.0,23.0,False,7:30,10:30,180.0,"[7, 9)"
2016,2016-08-21,8,65.0,75.1,0,no_wind,overcast,north of diamond,diamond,8:25,8,salmon,17.0,35.0,False,7:30,10:30,180.0,"[7, 9)"
2016,2016-08-21,8,65.0,75.1,0,no_wind,overcast,north of diamond,diamond,8:35,8,rainbow,17.0,35.0,False,7:30,10:30,180.0,"[7, 9)"
2016,2016-08-21,8,65.0,75.1,0,no_wind,overcast,north of diamond,diamond,9:00,9,smallmouth,17.0,35.0,False,7:30,10:30,180.0,"[9, 11)"
2016,2016-08-23,8,47.0,73.1,6,sw,sunny,south of welch,welch,7:25,7,smallmouth,10.0,35.0,False,7:10,9:00,110.0,"[7, 9)"
2016,2016-08-23,8,47.0,73.1,6,sw,sunny,south of welch,welch,7:55,7,white perch,10.0,35.0,False,7:10,9:00,110.0,"[7, 9)"
2016,2016-08-23,8,47.0,73.1,6,sw,sunny,south of welch,welch,8:25,8,horned pout,10.0,35.0,False,7:10,9:00,110.0,"[7, 9)"
2016,2016-08-24,8,59.0,73.5,5,sw,sunny,north of diamond,diamond,6:50,6,salmon,10.0,35.0,False,6:35,9:00,145.0,"[5, 7)"
2016,2016-08-27,8,63.0,74.6,6,w,sunny,south of welch,welch,8:00,8,smallmouth,10.0,35.0,False,7:30,10:00,150.0,"[7, 9)"
2017,2017-04-22,4,37.0,45.9,0,no_wind,overcast,harilla bay,harilla bay,10:55,10,salmon,22.0,2.0,False,10:00,12:00,120.0,"[9, 11)"
2017,2017-04-23,4,45.0,44.9,3,w,sunny,harilla bay,harilla bay,8:45,8,salmon,20.0,2.0,False,7:45,11:00,195.0,"[7, 9)"
2017,2017-04-27,4,53.0,48.0,0,no_wind,overcast,harilla bay,harilla bay,9:35,9,salmon,20.0,2.0,False,8:00,10:45,165.0,"[9, 11)"
2017,2017-05-06,5,48.0,45.8,5,e,raining,saunders bay,saunders bay,8:45,8,salmon,16.0,no_recording,False,8:15,11:30,195.0,"[7, 9)"
2017,2017-05-06,5,48.0,45.8,5,e,raining,saunders bay,saunders bay,9:20,9,salmon,17.0,no_recording,False,8:15,11:30,195.0,"[9, 11)"
2017,2017-05-06,5,48.0,45.8,5,e,raining,harilla bay,harilla bay,10:10,10,rainbow,17.0,no_recording,False,8:15,11:30,195.0,"[9, 11)"
2017,2017-05-07,5,53.0,48.9,10,s,overcast,harilla bay,harilla bay,no_time_recorded,0,no_fish_caught,no_recording,no_recording,True,8:00,10:00,120.0,
2017,2017-05-27,5,54.0,55.5,5,nw,overcast,south of witches,witches,8:10,8,salmon,17.0,15.0,False,7:45,10:30,165.0,"[7, 9)"
2017,2017-05-27,5,54.0,55.5,5,nw,overcast,south of witches,witches,8:40,8,salmon,16.0,15.0,False,7:45,10:30,165.0,"[7, 9)"
2017,2017-05-27,5,54.0,55.5,5,nw,overcast,south of witches,witches,10:00,10,salmon,16.0,17.0,False,7:45,10:30,165.0,"[9, 11)"
2017,2017-05-28,5,54.0,56.9,7,nw,overcast,south of governors,governors,9:30,9,lake trout,21.0,no_recording,False,7:30,11:00,210.0,"[9, 11)"
2017,2017-05-28,5,54.0,56.9,7,nw,overcast,north of lockes,lockes,10:30,10,lake trout,17.0,no_recording,False,7:30,11:00,210.0,"[9, 11)"
2017,2017-06-14,6,66.0,66.0,12,nw,sunny,harilla bay,harilla bay,10:10,10,rainbow,16.0,no_recording,False,8:00,10:55,175.0,"[9, 11)"
2017,2017-06-14,6,73.0,66.0,8,n,sunny,north of welch,welch,no_time_recorded,0,no_fish_caught,no_recording,no_recording,True,18:30,19:30,60.0,
2017,2017-06-21,6,64.0,67.0,10,sw,overcast,east of welch,welch,no_time_recorded,0,no_fish_caught,no_recording,no_recording,True,7:45,9:45,120.0,
2017,2017-06-22,6,67.0,67.0,10,nw,sunny,north of diamond,diamond,no_time_recorded,0,no_fish_caught,no_recording,no_recording,True,7:05,8:11,66.0,
2017,2017-07-02,7,70.0,71.5,12,sw,sunny,north of diamond,diamond,8:25,8,rainbow,18.0,37.0,False,7:45,10:00,135.0,"[7, 9)"
2017,2017-07-02,7,70.0,71.5,12,sw,sunny,north of diamond,diamond,9:12,9,salmon,22.0,31.0,False,7:45,10:00,135.0,"[9, 11)"
2017,2017-07-02,7,70.0,71.5,12,sw,sunny,north of diamond,diamond,10:00,10,salmon,16.0,33.0,False,7:45,10:00,135.0,"[9, 11)"
2017,2017-07-03,7,69.0,71.0,15,sw,sunny,north of lockes,lockes,no_time_recorded,0,no_fish_caught,no_recording,no_recording,True,7:30,9:00,90.0,
2017,2017-07-06,7,68.0,72.5,8,nw,overcast,north of welch,welch,no_time_recorded,0,no_fish_caught,no_recording,no_recording,True,7:30,10:00,150.0,
2017,2017-07-07,7,64.0,72.0,7,nw,overcast,north of welch,welch,8:25,8,salmon,15.0,25.0,False,7:30,10:30,180.0,"[7, 9)"
2017,2017-07-15,7,70.0,72.1,4,sw,overcast,north of diamond,diamond,8:20,8,lake trout,17.0,27.0,False,7:45,10:45,180.0,"[7, 9)"
2017,2017-07-15,7,70.0,72.1,4,sw,overcast,north of diamond,diamond,9:35,9,lake trout,19.0,35.0,False,7:45,10:45,180.0,"[9, 11)"
2017,2017-07-15,7,70.0,72.1,4,sw,overcast,north of diamond,diamond,9:50,9,lake trout,16.0,35.0,False,7:45,10:45,180.0,"[9, 11)"
2017,2017-07-15,7,70.0,72.1,4,sw,overcast,north of diamond,diamond,9:50,9,salmon,17.0,25.0,False,7:45,10:45,180.0,"[9, 11)"
2017,2017-07-15,7,70.0,72.1,4,sw,overcast,north of diamond,diamond,10:00,10,salmon,19.0,25.0,False,7:45,10:45,180.0,"[9, 11)"
2017,2017-07-15,7,70.0,72.1,4,sw,overcast,north of diamond,diamond,10:45,10,white perch,10.0,25.0,False,7:45,10:45,180.0,"[9, 11)"
2017,2017-07-16,7,67.0,72.3,5,nw,sunny,north of diamond,diamond,8:20,8,salmon,17.0,25.0,False,7:45,9:50,125.0,"[7, 9)"
2017,2017-07-16,7,67.0,72.3,5,nw,sunny,north of diamond,diamond,8:40,8,salmon,18.0,29.0,False,7:45,9:50,125.0,"[7, 9)"
2017,2017-07-17,7,68.0,74.8,0,no_wind,hazy,north of welch,welch,6:50,6,lake trout,16.0,31.0,False,6:45,7:50,65.0,"[5, 7)"
2017,2017-07-17,7,68.0,74.8,0,no_wind,hazy,north of welch,welch,7:05,7,lake trout,16.0,31.0,False,6:45,7:50,65.0,"[7, 9)"
2017,2017-07-17,7,68.0,74.8,0,no_wind,hazy,north of welch,welch,7:50,7,salmon,17.0,31.0,False,6:45,7:50,65.0,"[7, 9)"
2017,2017-07-21,7,68.0,76.4,12,w,sunny,north of birch,birch,8:45,8,salmon,10.0,23.0,False,6:30,10:30,240.0,"[7, 9)"
2017,2017-07-21,7,68.0,76.4,12,w,sunny,north of birch,birch,9:00,9,rainbow,15.0,23.0,False,6:30,10:30,240.0,"[9, 11)"
2017,2017-07-22,7,72.0,76.4,10,sw,sunny,south of welch,welch,no_time_recorded,0,no_fish_caught,no_recording,no_recording,True,7:15,9:00,105.0,
2017,2017-07-23,7,68.0,76.1,16,ne,sunny,west of timber,timber,9:10,9,lake trout,22.0,25.0,False,7:15,9:10,115.0,"[9, 11)"
2017,2017-07-26,7,60.0,73.1,5,sw,sunny,north of welch,welch,5:55,5,salmon,17.0,15.0,False,5:45,9:30,225.0,"[5, 7)"
2017,2017-07-26,7,60.0,73.1,5,sw,sunny,north of welch,welch,6:10,6,salmon,22.0,15.0,False,5:45,9:30,225.0,"[5, 7)"
2017,2017-07-26,7,60.0,73.1,5,sw,sunny,north of welch,welch,6:25,6,salmon,18.0,21.0,False,5:45,9:30,225.0,"[5, 7)"
2017,2017-07-26,7,60.0,73.1,5,sw,sunny,north of welch,welch,7:20,7,salmon,18.0,18.0,False,5:45,9:30,225.0,"[7, 9)"
2017,2017-07-26,7,60.0,73.1,5,sw,sunny,north of welch,welch,8:30,8,lake trout,16.0,29.0,False,5:45,9:30,225.0,"[7, 9)"
2017,2017-08-01,8,68.0,74.3,5,w,sunny,north of welch,welch,no_time_recorded,0,no_fish_caught,no_recording,no_recording,True,7:30,9:45,135.0,
2017,2017-08-03,8,62.0,75.5,6,nw,sunny,north of lockes,lockes,8:30,8,salmon,17.0,25.0,False,8:00,10:00,120.0,"[7, 9)"
2017,2017-08-03,8,62.0,75.5,6,nw,sunny,north of lockes,lockes,8:35,8,salmon,17.0,20.0,False,8:00,10:00,120.0,"[7, 9)"
2017,2017-08-05,8,60.0,74.1,6,nw,sunny,north of varney,varney,9:00,9,salmon,17.0,25.0,False,7:30,9:30,120.0,"[9, 11)"
2017,2017-08-09,8,58.0,72.6,6,nw,sunny,north of diamond,diamond,7:50,7,salmon,17.0,no_recording,False,7:30,10:30,180.0,"[7, 9)"
2017,2017-08-09,8,58.0,72.6,6,nw,sunny,north of varney,varney,9:30,9,salmon,18.0,25.0,False,7:30,10:30,180.0,"[9, 11)"
2017,2017-08-14,8,64.0,73.4,7,nw,sunny,north of welch,welch,9:45,9,rainbow,20.0,38.0,False,7:25,10:00,155.0,"[9, 11)"
2017,2017-08-21,8,62.0,72.3,5,nw,sunny,carr point,carr point,7:11,7,salmon,16.0,25.0,False,7:00,10:00,180.0,"[7, 9)"
2017,2017-08-21,8,62.0,72.3,5,nw,sunny,carr point,carr point,8:50,8,salmon,17.0,31.0,False,7:00,10:00,180.0,"[7, 9)"
2017,2017-08-22,8,59.0,73.0,2,w,sunny,north of welch,welch,7:40,7,rainbow,15.0,23.0,False,6:55,9:15,140.0,"[7, 9)"
2017,2017-08-22,8,59.0,73.0,2,w,sunny,north of welch,welch,8:20,8,salmon,18.0,31.0,False,6:55,9:15,140.0,"[7, 9)"
2017,2017-08-24,8,59.0,72.7,6,sw,sunny,north of welch,welch,no_time_recorded,0,no_fish_caught,no_recording,no_recording,True,7:30,9:45,135.0,
2017,2017-08-24,8,59.0,72.7,6,sw,sunny,varney point,varney point,no_time_recorded,0,no_fish_caught,no_recording,no_recording,True,7:30,9:45,135.0,
2017,2017-08-25,8,58.0,72.5,10,w,hazy,north of diamond,diamond,8:50,8,salmon,18.0,20.0,False,7:15,9:45,150.0,"[7, 9)"
2017,2017-08-25,8,58.0,72.5,10,w,hazy,north of diamond,diamond,9:15,9,salmon,18.0,25.0,False,7:15,9:45,150.0,"[9, 11)"
2017,2017-08-26,8,49.0,71.5,10,nw,sunny,east of welch,welch,6:25,6,salmon,15.0,20.0,False,6:10,10:45,275.0,"[5, 7)"
2017,2017-08-26,8,49.0,71.5,10,nw,sunny,east of welch,welch,8:00,8,salmon,20.0,20.0,False,6:10,10:45,275.0,"[7, 9)"
2017,2017-08-26,8,49.0,71.5,10,nw,sunny,east of welch,welch,9:05,9,salmon,18.0,25.0,False,6:10,10:45,275.0,"[9, 11)"
2017,2017-08-26,8,49.0,71.5,10,nw,sunny,east of welch,welch,10:15,10,rainbow,15.0,25.0,False,6:10,10:45,275.0,"[9, 11)"
2017,2017-08-27,8,50.0,71.5,5,sw,sunny,north of welch,welch,no_time_recorded,0,no_fish_caught,no_recording,no_recording,True,7:45,10:00,135.0,
2017,2017-09-02,9,52.0,66.8,10,nw,sunny,north of welch,welch,8:55,8,salmon,18.0,20.0,False,8:00,10:45,165.0,"[7, 9)"
2017,2017-09-02,9,52.0,66.8,10,nw,sunny,north of welch,welch,9:10,9,salmon,16.0,23.0,False,8:00,10:45,165.0,"[9, 11)"
2017,2017-09-03,9,54.0,67.0,10,e,sunny,north of welch,welch,8:40,8,rainbow,18.0,23.0,False,7:45,10:30,165.0,"[7, 9)"
2017,2017-09-03,9,54.0,67.0,10,e,sunny,north of welch,welch,8:50,8,salmon,18.0,20.0,False,7:45,10:30,165.0,"[7, 9)"
2017,2017-09-03,9,54.0,67.0,10,e,sunny,north of welch,welch,9:10,9,salmon,17.0,23.0,False,7:45,10:30,165.0,"[9, 11)"
2017,2017-09-04,9,55.0,66.2,12,sw,overcast,east of welch,welch,8:45,8,salmon,18.0,10.0,False,7:00,10:15,195.0,"[7, 9)"
2017,2017-09-15,9,63.0,68.3,5,nw,fog,east of lockes,lockes,no_time_recorded,0,no_fish_caught,no_recording,no_recording,True,7:00,10:00,180.0,
2017,2017-09-16,9,64.0,69.6,0,no_wind,sunny,north of diamond,diamond,7:40,7,salmon,18.0,20.0,False,7:15,10:15,180.0,"[7, 9)"
2018,2018-04-24,4,65.0,41.5,10,sw,sunny,saunders bay,saunders bay,16:45,16,salmon,18.0,2.0,False,16:30,17:45,75.0,"[15, 17)"
2018,2018-04-25,4,48.0,41.9,5,ne,raining,saunders bay,saunders bay,12:55,12,smallmouth,17.0,2.0,False,11:45,13:10,85.0,"[11, 13)"
2018,2018-04-27,4,51.0,45.4,0,no_wind,overcast,harilla bay,harilla bay,no_time_recorded,0,no_fish_caught,no_recording,no_recording,True,13:00,15:00,120.0,
2018,2018-04-28,4,46.0,42.2,0,no_wind,fog,saunders bay,saunders bay,10:00,10,salmon,23.0,2.0,False,8:00,11:30,210.0,"[9, 11)"
2018,2018-05-02,5,54.0,45.2,7,nw,sunny,saunders bay,saunders bay,15:50,15,salmon,17.0,2.0,False,15:30,16:45,75.0,"[15, 17)"
2018,2018-05-03,5,63.0,46.0,0,no_wind,overcast,saunders bay,saunders bay,no_time_recorded,0,no_fish_caught,no_recording,no_recording,True,7:30,9:15,105.0,
2018,2018-05-07,5,58.0,52.8,5,sw,sunny,harilla bay,harilla bay,8:30,8,lake trout,21.0,2.0,False,8:00,13:15,315.0,"[7, 9)"
2018,2018-05-07,5,58.0,52.8,5,sw,sunny,harilla bay,harilla bay,8:50,8,salmon,19.0,2.0,False,8:00,13:15,315.0,"[7, 9)"
2018,2018-05-07,5,58.0,52.8,5,sw,sunny,harilla bay,harilla bay,9:05,9,salmon,16.0,2.0,False,8:00,13:15,315.0,"[9, 11)"
2018,2018-05-07,5,58.0,52.8,5,sw,sunny,saunders bay,saunders bay,12:35,12,salmon,16.0,15.0,False,8:00,13:15,315.0,"[11, 13)"
2018,2018-05-07,5,58.0,52.8,5,sw,sunny,saunders bay,saunders bay,12:50,12,salmon,18.0,15.0,False,8:00,13:15,315.0,"[11, 13)"
2018,2018-05-08,5,54.0,55.0,0,no_wind,sunny,harilla bay,harilla bay,8:00,8,salmon,15.0,15.0,False,7:30,12:15,285.0,"[7, 9)"
2018,2018-05-08,5,54.0,55.0,0,no_wind,sunny,harilla bay,harilla bay,9:50,9,salmon,18.0,20.0,False,7:30,12:15,285.0,"[9, 11)"
2018,2018-05-08,5,54.0,55.0,0,no_wind,sunny,harilla bay,harilla bay,9:55,9,lake trout,22.0,20.0,False,7:30,12:15,285.0,"[9, 11)"
2018,2018-05-08,5,54.0,55.0,0,no_wind,sunny,harilla bay,harilla bay,10:05,10,salmon,19.0,20.0,False,7:30,12:15,285.0,"[9, 11)"
2018,2018-05-08,5,54.0,55.0,0,no_wind,sunny,harilla bay,harilla bay,10:50,10,salmon,18.0,20.0,False,7:30,12:15,285.0,"[9, 11)"
2018,2018-05-08,5,54.0,55.0,0,no_wind,sunny,harilla bay,harilla bay,11:10,11,lake trout,19.0,14.0,False,7:30,12:15,285.0,"[11, 13)"
2018,2018-05-08,5,54.0,55.0,0,no_wind,sunny,harilla bay,harilla bay,11:30,11,salmon,18.0,20.0,False,7:30,12:15,285.0,"[11, 13)"
2018,2018-05-09,5,51.0,56.2,0,no_wind,sunny,little bear bay,little bear bay,8:40,8,salmon,23.0,8.0,False,7:30,11:00,210.0,"[7, 9)"
2018,2018-05-09,5,51.0,56.2,0,no_wind,sunny,little bear bay,little bear bay,9:50,9,salmon,18.0,13.0,False,7:30,11:00,210.0,"[9, 11)"
2018,2018-05-12,5,47.0,54.6,0,no_wind,sunny,little bear bay,little bear bay,no_time_recorded,0,no_fish_caught,no_recording,no_recording,True,8:30,11:00,150.0,
2018,2018-05-13,5,42.0,53.9,0,no_wind,sunny,little bear bay,little bear bay,no_time_recorded,0,no_fish_caught,no_recording,no_recording,True,7:45,9:30,105.0,
2018,2018-05-13,5,42.0,53.9,0,no_wind,sunny,harilla bay,harilla bay,no_time_recorded,0,no_fish_caught,no_recording,no_recording,True,7:45,9:30,105.0,
2018,2018-05-16,5,53.0,57.6,10,se,sunny,saunders bay,saunders bay,9:45,9,salmon,14.0,29.0,False,7:15,11:30,255.0,"[9, 11)"
2018,2018-05-16,5,53.0,57.6,10,se,sunny,saunders bay,saunders bay,9:45,9,lake trout,20.0,29.0,False,7:15,11:30,255.0,"[9, 11)"
2018,2018-05-17,5,52.0,52.7,6,nw,overcast,saunders bay,saunders bay,no_time_recorded,0,no_fish_caught,no_recording,no_recording,True,6:15,9:30,195.0,
2018,2018-05-17,5,52.0,52.7,6,nw,overcast,north of diamond,diamond,no_time_recorded,0,no_fish_caught,no_recording,no_recording,True,6:15,9:30,195.0,
2018,2018-05-27,5,57.0,59.3,15,ne,overcast,west of timber,timber,8:10,8,lake trout,20.0,27.0,False,7:50,10:45,175.0,"[7, 9)"
2018,2018-05-28,5,52.0,57.8,2,e,overcast,east of lockes,lockes,7:44,7,salmon,22.0,21.0,False,7:30,10:00,150.0,"[7, 9)"
2018,2018-05-28,5,52.0,57.8,2,e,overcast,east of lockes,lockes,8:59,8,lake trout,18.0,27.0,False,7:30,10:00,150.0,"[7, 9)"
2018,2018-05-31,5,64.0,61.1,5,n,sunny,east of lockes,lockes,no_time_recorded,0,no_fish_caught,no_recording,no_recording,True,8:15,11:00,165.0,
2018,2018-06-01,6,70.0,63.4,7,w,overcast,north of welch,welch,8:52,8,salmon,22.0,20.0,False,7:55,9:30,95.0,"[7, 9)"
2018,2018-06-06,6,54.0,62.6,4,s,fog,south of welch,welch,no_time_recorded,0,no_fish_caught,no_recording,no_recording,True,7:10,10:30,200.0,
2018,2018-06-06,6,54.0,62.6,4,s,fog,south of welch,welch,no_time_recorded,0,no_fish_caught,no_recording,no_recording,True,7:15,10:10,175.0,
2018,2018-06-13,6,64.0,63.0,10,nw,sunny,south of welch,welch,no_time_recorded,0,no_fish_caught,no_recording,no_recording,True,16:55,19:20,145.0,
2018,2018-06-23,6,63.0,67.6,0,no_wind,overcast,north of diamond,diamond,no_time_recorded,0,no_fish_caught,no_recording,no_recording,True,7:30,10:45,195.0,
2018,2018-06-27,6,63.0,67.6,9,sw,sunny,east of welch,welch,no_time_recorded,0,no_fish_caught,no_recording,no_recording,True,7:15,9:15,120.0,
2018,2018-07-08,7,61.0,72.7,7,nw,sunny,south of welch,welch,7:17,7,rainbow,10.0,29.0,False,6:50,10:15,205.0,"[7, 9)"
2018,2018-07-13,7,65.0,75.0,7,ne,sunny,north of diamond,diamond,9:07,9,rainbow,15.0,25.0,False,7:30,9:30,120.0,"[9, 11)"
2018,2018-07-14,7,66.0,73.6,0,no_wind,overcast,east of lockes,lockes,8:34,8,salmon,23.0,35.0,False,8:00,11:45,225.0,"[7, 9)"
2018,2018-07-14,7,66.0,73.6,0,no_wind,overcast,east of lockes,lockes,11:26,11,rainbow,15.0,25.0,False,8:00,11:45,225.0,"[11, 13)"
2018,2018-07-15,7,68.0,73.5,0,no_wind,overcast,north of welch,welch,no_time_recorded,0,no_fish_caught,no_recording,no_recording,True,7:20,10:05,165.0,
2018,2018-07-16,7,75.0,75.7,5,nw,overcast,north of lockes,lockes,7:46,7,rainbow,15.0,25.0,False,7:10,9:00,110.0,"[7, 9)"
2018,2018-07-16,7,75.0,75.7,5,nw,overcast,north of lockes,lockes,8:35,8,rainbow,17.0,25.0,False,7:10,9:00,110.0,"[7, 9)"
2018,2018-07-20,7,63.0,74.9,7,sw,sunny,north of diamond,diamond,7:22,7,rainbow,15.0,25.0,False,7:00,10:30,210.0,"[7, 9)"
2018,2018-07-20,7,63.0,74.9,7,sw,sunny,north of diamond,diamond,9:04,9,rainbow,15.0,17.0,False,7:00,10:30,210.0,"[9, 11)"
2018,2018-07-20,7,63.0,74.9,7,sw,sunny,north of diamond,diamond,9:25,9,salmon,19.0,17.0,False,7:00,10:30,210.0,"[9, 11)"
2018,2018-07-21,7,65.0,74.2,5,se,sunny,north of welch,welch,8:00,8,white perch,10.0,20.0,False,7:30,9:30,120.0,"[7, 9)"
2018,2018-07-21,7,65.0,74.2,5,se,sunny,north of welch,welch,8:17,8,salmon,17.0,25.0,False,7:30,9:30,120.0,"[7, 9)"
2018,2018-07-27,7,68.0,75.3,3,w,sunny,north of welch,welch,no_time_recorded,0,no_fish_caught,no_recording,no_recording,True,7:15,9:45,150.0,
2018,2018-07-28,7,70.0,75.4,5,w,overcast,east of lockes,lockes,no_time_recorded,0,no_fish_caught,no_recording,no_recording,True,6:45,9:00,135.0,
2018,2018-07-30,7,65.0,76.0,10,sw,hazy,east of welch,welch,7:56,7,lake trout,17.0,23.0,False,7:15,10:00,165.0,"[7, 9)"
2018,2018-07-30,7,65.0,76.0,10,sw,hazy,east of welch,welch,9:06,9,rainbow,16.0,35.0,False,7:15,10:00,165.0,"[9, 11)"
2018,2018-08-02,8,73.0,76.0,8,sw,overcast,east of lockes,lockes,6:49,6,rainbow,19.0,45.0,False,6:20,10:15,235.0,"[5, 7)"
2018,2018-08-02,8,73.0,76.0,8,sw,overcast,east of lockes,lockes,7:19,7,lake trout,16.0,45.0,False,6:20,10:15,235.0,"[7, 9)"
2018,2018-08-02,8,73.0,76.0,8,sw,overcast,east of lockes,lockes,7:19,7,rainbow,16.0,45.0,False,6:20,10:15,235.0,"[7, 9)"
2018,2018-08-02,8,73.0,76.0,8,sw,overcast,east of lockes,lockes,8:13,8,lake trout,18.0,45.0,False,6:20,10:15,235.0,"[7, 9)"
2018,2018-08-02,8,73.0,76.0,8,sw,overcast,east of lockes,lockes,9:03,9,salmon,21.0,45.0,False,6:20,10:15,235.0,"[9, 11)"
2018,2018-08-03,8,75.0,77.3,10,sw,sunny,east of lockes,lockes,8:03,8,salmon,17.0,39.0,False,7:15,9:10,115.0,"[7, 9)"
2018,2018-08-05,8,69.0,77.3,7,nw,sunny,east of lockes,lockes,7:10,7,salmon,21.0,45.0,False,7:00,10:00,180.0,"[7, 9)"
2018,2018-08-06,8,68.0,78.1,10,w,sunny,south of welch,welch,7:09,7,lake trout,17.0,45.0,False,6:50,10:00,190.0,"[7, 9)"
2018,2018-08-06,8,68.0,78.1,10,w,sunny,south of welch,welch,7:45,7,lake trout,15.0,45.0,False,6:50,10:00,190.0,"[7, 9)"
2018,2018-08-06,8,68.0,78.1,10,w,sunny,south of welch,welch,8:25,8,lake trout,15.0,45.0,False,6:50,10:00,190.0,"[7, 9)"
2018,2018-08-08,8,74.0,79.6,6,nw,overcast,north of diamond,diamond,8:15,8,rainbow,15.0,25.0,False,7:15,9:45,150.0,"[7, 9)"
2018,2018-08-08,8,74.0,79.6,6,nw,overcast,north of diamond,diamond,8:30,8,white perch,10.0,30.0,False,7:15,9:45,150.0,"[7, 9)"
2018,2018-08-08,8,74.0,79.6,6,nw,overcast,north of diamond,diamond,8:45,8,white perch,10.0,30.0,False,7:15,9:45,150.0,"[7, 9)"
2018,2018-08-15,8,69.0,76.1,5,sw,overcast,south of welch,welch,8:02,8,salmon,17.0,45.0,False,7:15,10:00,165.0,"[7, 9)"
2018,2018-08-15,8,69.0,76.1,5,sw,overcast,south of welch,welch,8:02,8,white perch,10.0,30.0,False,7:15,10:00,165.0,"[7, 9)"
2018,2018-08-15,8,69.0,76.1,5,sw,overcast,south of welch,welch,8:58,8,lake trout,19.0,45.0,False,7:15,10:00,165.0,"[7, 9)"
2018,2018-08-19,8,66.0,76.1,11,ne,sunny,west of lockes,lockes,no_time_recorded,0,no_fish_caught,no_recording,no_recording,True,7:30,9:20,110.0,
2018,2018-08-20,8,62.0,75.8,3,ne,overcast,north of welch,welch,8:19,8,salmon,21.0,47.0,False,7:30,9:15,105.0,"[7, 9)"
2018,2018-08-20,8,62.0,75.8,3,ne,overcast,north of welch,welch,8:46,8,lake trout,17.0,47.0,False,7:30,9:15,105.0,"[7, 9)"
2018,2018-08-24,8,64.0,73.7,9,nw,hazy,north of welch,welch,8:30,8,salmon,17.0,41.0,False,7:55,10:30,155.0,"[7, 9)"
2018,2018-08-25,8,60.0,74.4,4,nw,fog,west of lockes,lockes,no_time_recorded,0,no_fish_caught,no_recording,no_recording,True,7:30,10:00,150.0,
2018,2018-08-26,8,60.0,74.1,0,no_wind,sunny,north of diamond,diamond,8:38,8,salmon,17.0,47.0,False,7:15,10:15,180.0,"[7, 9)"
2018,2018-08-26,8,60.0,74.1,0,no_wind,sunny,north of diamond,diamond,8:53,8,rainbow,16.0,47.0,False,7:15,10:15,180.0,"[7, 9)"
2018,2018-08-26,8,60.0,74.1,0,no_wind,sunny,north of diamond,diamond,9:03,9,rainbow,17.0,51.0,False,7:15,10:15,180.0,"[9, 11)"
2018,2018-08-26,8,60.0,74.1,0,no_wind,sunny,north of diamond,diamond,9:47,9,salmon,22.0,51.0,False,7:15,10:15,180.0,"[9, 11)"
2018,2018-08-26,8,60.0,74.1,0,no_wind,sunny,north of diamond,diamond,10:15,10,salmon,22.0,51.0,False,7:15,10:15,180.0,"[9, 11)"
2018,2018-08-27,8,65.0,74.5,11,sw,sunny,north of diamond,diamond,9:44,9,lake trout,18.0,51.0,False,8:45,10:45,120.0,"[9, 11)"
2018,2018-08-28,8,73.0,75.7,3,sw,sunny,north of welch,welch,6:55,6,rainbow,18.0,43.0,False,6:50,8:30,100.0,"[5, 7)"
2018,2018-08-28,8,73.0,75.7,3,sw,sunny,north of welch,welch,6:55,6,rainbow,18.0,51.0,False,6:50,8:30,100.0,"[5, 7)"
2018,2018-08-28,8,73.0,75.7,3,sw,sunny,north of welch,welch,7:30,7,salmon,22.0,45.0,False,6:50,8:30,100.0,"[7, 9)"
2018,2018-08-28,8,73.0,75.7,3,sw,sunny,north of welch,welch,6:55,6,rainbow,18.0,43.0,False,6:50,8:30,100.0,"[5, 7)"
2018,2018-08-28,8,86.0,77.1,10,w,hazy,north of diamond,diamond,18:13,18,lake trout,17.0,51.0,False,17:45,18:45,60.0,
2018,2018-08-28,8,86.0,77.1,10,w,hazy,north of diamond,diamond,18:32,18,lake trout,16.0,51.0,False,17:45,18:45,60.0,
2018,2018-08-29,8,73.0,76.2,6,sw,sunny,north of diamond,diamond,8:57,8,rainbow,15.0,45.0,False,7:15,9:55,160.0,"[7, 9)"
2018,2018-08-29,8,73.0,76.2,6,sw,sunny,north of diamond,diamond,9:22,9,salmon,17.0,45.0,False,7:15,9:55,160.0,"[9, 11)"
2018,2018-08-31,8,62.0,74.7,5,se,hazy,east of diamond,diamond,8:57,8,lake trout,18.0,51.0,False,7:15,10:20,185.0,"[7, 9)"
2018,2018-09-01,9,62.0,75.3,8,se,overcast,north of diamond,diamond,8:50,8,salmon,17.0,no_recording,False,7:30,9:00,90.0,"[7, 9)"
2018,2018-09-02,9,64.0,75.0,7,sw,overcast,alton bay,alton bay,9:15,9,salmon,17.0,45.0,False,7:20,10:20,180.0,"[9, 11)"
2018,2018-09-02,9,64.0,75.0,7,sw,overcast,alton bay,alton bay,9:27,9,rainbow,15.0,39.0,False,7:20,10:20,180.0,"[9, 11)"
2018,2018-09-03,9,65.0,75.8,3,sw,sunny,alton bay,alton bay,no_time_recorded,0,no_fish_caught,no_recording,no_recording,True,7:55,9:40,105.0,
2018,2018-09-11,9,66.0,72.6,2,nw,overcast,alton bay,alton bay,15:15,15,rainbow,17.0,45.0,False,14:00,16:15,135.0,"[15, 17)"
2018,2018-09-12,9,65.0,72.3,5,ne,overcast,north of diamond,diamond,8:00,8,salmon,18.0,45.0,False,7:30,9:55,145.0,"[7, 9)"
2018,2018-09-12,9,65.0,72.3,5,ne,overcast,north of diamond,diamond,8:06,8,lake trout,16.0,45.0,False,7:30,9:55,145.0,"[7, 9)"
2018,2018-09-12,9,65.0,72.3,5,ne,overcast,north of diamond,diamond,9:47,9,lake trout,17.0,45.0,False,7:30,9:55,145.0,"[9, 11)"
2018,2018-09-16,9,64.0,72.5,5,s,fog,varney point,varney point,7:22,7,lake trout,15.0,45.0,False,7:10,10:05,175.0,"[7, 9)"
2018,2018-09-21,9,60.0,71.4,7,sw,overcast,alton bay,alton bay,8:07,8,lake trout,22.0,45.0,False,7:45,10:00,135.0,"[7, 9)"
2018,2018-09-21,9,60.0,71.4,7,sw,overcast,alton bay,alton bay,8:17,8,salmon,21.0,45.0,False,7:45,10:00,135.0,"[7, 9)"
2019,2019-05-08,5,55.0,48.6,12,nw,sunny,harilla bay,harilla bay,9:30,9,salmon,21.0,2.0,False,8:30,10:30,120.0,"[9, 11)"
2019,2019-05-09,5,51.0,48.1,3,se,sunny,harilla bay,harilla bay,9:30,9,rainbow,17.0,2.0,False,8:30,12:30,240.0,"[9, 11)"
2019,2019-05-26,5,55.0,56.7,7,nw,overcast,harilla bay,harilla bay,no_time_recorded,0,no_fish_caught,no_recording,no_recording,True,7:00,10:45,225.0,
2019,2019-05-26,5,55.0,56.7,7,nw,overcast,little bear bay,little bear bay,no_time_recorded,0,no_fish_caught,no_recording,no_recording,True,7:00,10:45,225.0,
2019,2019-05-26,5,55.0,56.7,7,nw,overcast,east of witches,witches,no_time_recorded,0,no_fish_caught,no_recording,no_recording,True,7:00,10:45,225.0,
2019,2019-05-27,5,61.0,55.6,8,sw,sunny,east of welch,welch,no_time_recorded,0,no_fish_caught,no_recording,no_recording,True,7:45,9:45,120.0,
2019,2019-06-02,6,64.0,64.5,12,nw,sunny,north of welch,welch,no_time_recorded,0,no_fish_caught,no_recording,no_recording,True,7:45,9:15,90.0,
2019,2019-06-23,6,65.0,65.0,10,nw,sunny,east of governors,governors,no_time_recorded,0,no_fish_caught,no_recording,no_recording,True,8:00,9:00,60.0,
2019,2019-06-25,6,63.0,65.7,12,ne,overcast,south of governors,governors,9:20,9,lake trout,18.0,35.0,False,8:00,10:30,150.0,"[9, 11)"
2019,2019-06-25,6,63.0,65.7,12,ne,overcast,south of governors,governors,9:50,9,lake trout,15.0,35.0,False,8:00,10:30,150.0,"[9, 11)"
2019,2019-07-10,7,64.0,74.9,9,nw,hazy,south of welch,welch,8:15,8,rainbow,12.0,15.0,False,7:15,9:20,125.0,"[7, 9)"
2019,2019-07-10,7,64.0,74.9,9,nw,hazy,south of welch,welch,8:26,8,rainbow,12.0,15.0,False,7:15,9:20,125.0,"[7, 9)"
2019,2019-08-02,8,65.0,78.3,10,sw,sunny,north of diamond,diamond,no_time_recorded,0,no_fish_caught,no_recording,no_recording,True,8:45,10:00,75.0,
2019,2019-08-12,8,63.08860759493671,75.33018867924528,15,nw,sunny,north of welch,welch,8:45,8,lake trout,19.0,51.0,False,8:45,11:00,135.0,"[7, 9)"
2019,2019-08-12,8,63.08860759493671,75.33018867924528,15,nw,sunny,north of welch,welch,9:00,9,salmon,18.0,51.0,False,8:45,11:00,135.0,"[9, 11)"
2019,2019-08-12,8,63.08860759493671,75.33018867924528,15,nw,sunny,north of welch,welch,9:15,9,salmon,15.0,51.0,False,8:45,11:00,135.0,"[9, 11)"
2019,2019-08-14,8,63.08860759493671,75.33018867924528,8,ne,sunny,north of diamond,diamond,8:05,8,salmon,15.0,45.0,False,8:00,11:20,200.0,"[7, 9)"
2019,2019-08-14,8,63.08860759493671,75.33018867924528,8,ne,sunny,north of diamond,diamond,8:45,8,salmon,15.0,45.0,False,8:00,11:20,200.0,"[7, 9)"
2019,2019-08-14,8,63.08860759493671,75.33018867924528,8,ne,sunny,north of diamond,diamond,9:25,9,salmon,15.0,45.0,False,8:00,11:20,200.0,"[9, 11)"
2019,2019-08-15,8,63.08860759493671,75.33018867924528,8,ne,sunny,north of diamond,diamond,9:25,9,salmon,15.0,45.0,False,8:00,11:20,200.0,"[9, 11)"
2019,2019-08-17,8,63.08860759493671,75.33018867924528,6,ne,overcast,north of diamond,diamond,8:30,8,salmon,21.0,51.0,False,8:20,11:50,210.0,"[7, 9)"
2019,2019-08-17,8,63.08860759493671,75.33018867924528,6,ne,overcast,north of diamond,diamond,9:00,9,salmon,19.0,49.0,False,8:20,11:50,210.0,"[9, 11)"
2019,2019-08-17,8,63.08860759493671,75.33018867924528,6,ne,overcast,north of diamond,diamond,9:04,9,rainbow,15.0,51.0,False,8:20,11:50,210.0,"[9, 11)"
2019,2019-08-17,8,63.08860759493671,75.33018867924528,6,ne,overcast,north of diamond,diamond,9:24,9,lake trout,18.0,51.0,False,8:20,11:50,210.0,"[9, 11)"
2019,2019-08-17,8,63.08860759493671,75.33018867924528,6,ne,overcast,north of diamond,diamond,11:09,11,lake trout,17.0,51.0,False,8:20,11:50,210.0,"[11, 13)"
2019,2019-08-18,8,63.08860759493671,75.33018867924528,6,nw,sunny,north of welch,welch,8:06,8,salmon,20.0,43.0,False,8:00,11:00,180.0,"[7, 9)"
2019,2019-08-18,8,63.08860759493671,75.33018867924528,6,nw,sunny,north of welch,welch,8:18,8,salmon,21.0,41.0,False,8:00,11:00,180.0,"[7, 9)"
2019,2019-08-18,8,63.08860759493671,75.33018867924528,6,nw,sunny,north of welch,welch,8:19,8,rainbow,15.0,43.0,False,8:00,11:00,180.0,"[7, 9)"
2019,2019-08-18,8,63.08860759493671,75.33018867924528,6,nw,sunny,north of welch,welch,8:47,8,lake trout,15.0,41.0,False,8:00,11:00,180.0,"[7, 9)"
2019,2019-08-20,8,63.08860759493671,75.33018867924528,8,sw,sunny,north of lockes,lockes,8:06,8,lake trout,16.0,35.0,False,7:15,10:45,210.0,"[7, 9)"
2019,2019-08-20,8,63.08860759493671,75.33018867924528,8,sw,sunny,north of lockes,lockes,8:14,8,lake trout,14.0,37.0,False,7:15,10:45,210.0,"[7, 9)"
2019,2019-08-20,8,63.08860759493671,75.33018867924528,8,sw,sunny,south of welch,welch,10:18,10,rainbow,16.0,47.0,False,7:15,10:45,210.0,"[9, 11)"
2019,2019-08-21,8,63.08860759493671,75.33018867924528,10,nw,overcast,north of diamond,diamond,8:44,8,salmon,21.0,49.0,False,8:15,11:15,180.0,"[7, 9)"
2019,2019-08-21,8,63.08860759493671,75.33018867924528,10,nw,overcast,north of diamond,diamond,10:09,10,salmon,16.0,49.0,False,8:15,11:15,180.0,"[9, 11)"
2019,2019-08-21,8,63.08860759493671,75.33018867924528,10,nw,overcast,north of diamond,diamond,10:42,10,lake trout,19.0,51.0,False,8:15,11:15,180.0,"[9, 11)"
2019,2019-08-22,8,63.08860759493671,75.33018867924528,0,no_wind,sunny,north of diamond,diamond,10:16,10,lake trout,18.0,63.0,False,7:45,10:50,185.0,"[9, 11)"
2019,2019-08-22,8,63.08860759493671,75.33018867924528,0,no_wind,sunny,north of diamond,diamond,10:30,10,lake trout,15.0,63.0,False,7:45,10:50,185.0,"[9, 11)"
2019,2019-08-24,8,63.08860759493671,75.33018867924528,6,nw,sunny,north of diamond,diamond,9:08,9,rainbow,15.0,47.0,False,8:10,11:15,185.0,"[9, 11)"
2019,2019-08-24,8,63.08860759493671,75.33018867924528,6,nw,sunny,north of diamond,diamond,9:24,9,rainbow,15.0,45.0,False,8:10,11:15,185.0,"[9, 11)"
2019,2019-08-24,8,63.08860759493671,75.33018867924528,6,nw,sunny,north of diamond,diamond,9:37,9,rainbow,16.0,45.0,False,8:10,11:15,185.0,"[9, 11)"
2019,2019-08-24,8,63.08860759493671,75.33018867924528,6,nw,sunny,north of diamond,diamond,9:49,9,salmon,21.0,43.0,False,8:10,11:15,185.0,"[9, 11)"
2019,2019-08-25,8,63.08860759493671,75.33018867924528,12,ne,sunny,west of welch,welch,no_time_recorded,0,no_fish_caught,no_recording,no_recording,True,8:15,9:45,90.0,
2019,2019-08-25,8,63.08860759493671,75.33018867924528,12,ne,sunny,west of lockes,lockes,no_time_recorded,0,no_fish_caught,no_recording,no_recording,True,8:15,9:45,90.0,
2019,2019-08-30,8,63.08860759493671,75.33018867924528,10,sw,sunny,north of diamond,diamond,10:20,10,salmon,16.0,51.0,False,8:30,10:50,140.0,"[9, 11)"
2019,2019-09-03,9,61.529411764705884,73.1078431372549,6,nw,sunny,north of diamond,diamond,no_time_recorded,0,no_fish_caught,no_recording,no_recording,True,8:00,9:30,90.0,
2019,2019-09-21,9,61.529411764705884,73.1078431372549,9,nw,sunny,north of diamond,diamond,8:36,8,lake trout,17.0,49.0,False,8:20,9:45,85.0,"[7, 9)"
2019,2019-09-21,9,61.529411764705884,73.1078431372549,9,nw,sunny,north of diamond,diamond,9:32,9,lake trout,15.0,53.0,False,8:20,9:45,85.0,"[9, 11)"
2019,2019-09-22,9,61.529411764705884,73.1078431372549,3,nw,fog,alton bay,alton bay,no_time_recorded,0,no_fish_caught,no_recording,no_recording,True,8:00,9:40,100.0,
2020,2020-06-14,6,60.54054054054054,63.0,7,se,sunny,north of welch,welch,7:17,7,lake trout,17.0,17.0,False,7:00,10:00,180.0,"[7, 9)"
2020,2020-06-20,6,60.54054054054054,63.79736842105264,4,sw,sunny,north of welch,welch,no_time_recorded,0,no_fish_caught,no_recording,no_recording,True,6:35,9:00,145.0,
2020,2020-09-08,9,75.0,69.0,7,nw,sunny,alton bay,alton bay,10:03,10,lake trout,17.0,69.0,False,7:30,10:55,205.0,"[9, 11)"
2021,2021-08-02,8,63.08860759493671,71.0,14,n,sunny,north of welch,welch,no_time_recorded,0,no_fish_caught,no_recording,no_recording,True,11:15,12:00,45.0,
2022,2022-04-08,4,52.23529411764706,45.0,0,no_wind,overcast,tip of witches,tip witches,16:15,16,lake trout,20.0,2.0,False,16:00,17:45,105.0,"[15, 17)"
2022,2022-04-09,4,52.23529411764706,40.0,0,no_wind,overcast,harilla bay,harilla bay,no_time_recorded,0,no_fish_caught,no_recording,no_recording,True,9:00,12:00,180.0,
2022,2022-04-10,4,52.23529411764706,42.0,0,no_wind,overcast,saunders bay,saunders bay,no_time_recorded,0,no_fish_caught,no_recording,no_recording,True,8:30,11:30,180.0,
2022,2022-04-11,4,52.23529411764706,42.0,0,no_wind,overcast,east of governors,governors,no_time_recorded,0,no_fish_caught,no_recording,no_recording,True,10:00,11:30,90.0,
2022,2022-04-12,4,52.23529411764706,50.0,0,no_wind,sunny,harilla bay,harilla bay,15:30,15,lake trout,22.0,10.0,False,12:00,16:00,240.0,"[15, 17)"
2022,2022-04-18,4,52.23529411764706,45.0,7,e,overcast,spindle point,spindle point,no_time_recorded,0,no_fish_caught,no_recording,no_recording,True,9:30,11:45,135.0,
2022,2022-04-30,4,52.23529411764706,48.0,10,nw,sunny,harilla bay,harilla bay,12:03,12,salmon,17.0,10.0,True,10:00,14:00,240.0,"[11, 13)"
2022,2022-05-01,5,68.0,48.0,0,no_wind,sunny,harilla bay,harilla bay,12:24,12,rainbow,17.0,15.0,False,10:30,14:00,210.0,"[11, 13)"
2022,2022-05-02,5,51.0,45.0,3,e,sunny,south of welch,welch,12:18,12,lake trout,17.0,15.0,False,10:30,13:00,150.0,"[11, 13)"
