,year,date,air_temp_f,water_temp_f,wind_speed_mph,wind_dir,weather,location,time_caught,fish_type,fish_length_in,water_depth_ft,skunked,lines_in,lines_out,general_loc,duration_min,month,hour,time_caught_bucket
0,2016,2016-08-23,47.0,73.1,6.0,sw,sunny,south of welch,8:25,horned pout,10.0,35.0,0,7:10,9:00,welch,110.0,8,8,"[7, 9)"
1,2015,2015-09-03,69.0,75.5,4.0,nw,hazy,north of diamond,6:45,lake trout,17.0,29.0,0,6:30,9:30,diamond,180.0,9,6,"[5, 7)"
2,2017,2017-07-17,68.0,74.8,0.0,no_wind,hazy,north of welch,6:50,lake trout,16.0,31.0,0,6:45,7:50,welch,65.0,7,6,"[5, 7)"
3,2015,2015-07-18,62.0,73.4,15.0,se,raining,south of sandy,6:55,lake trout,20.0,135.0,0,6:15,10:30,sandy,255.0,7,6,"[5, 7)"
4,2017,2017-07-17,68.0,74.8,0.0,no_wind,hazy,north of welch,7:05,lake trout,16.0,31.0,0,6:45,7:50,welch,65.0,7,7,"[7, 9)"
5,2018,2018-08-06,68.0,78.1,10.0,w,sunny,south of welch,7:09,lake trout,17.0,45.0,0,6:50,10:00,welch,190.0,8,7,"[7, 9)"
6,2018,2018-08-02,73.0,76.0,8.0,sw,overcast,east of lockes,7:19,lake trout,16.0,45.0,0,6:20,10:15,lockes,235.0,8,7,"[7, 9)"
7,2018,2018-09-16,64.0,72.5,5.0,s,fog,varney point,7:22,lake trout,15.0,45.0,0,7:10,10:05,varney point,175.0,9,7,"[7, 9)"
8,2015,2015-06-07,40.0,59.0,0.0,no_wind,sunny,wolfboro bay,7:25,lake trout,18.0,15.0,0,6:30,10:30,wolfboro bay,240.0,6,7,"[7, 9)"
9,2015,2015-06-07,40.0,59.0,0.0,no_wind,sunny,wolfboro bay,7:40,lake trout,18.0,20.0,0,6:30,10:30,wolfboro bay,240.0,6,7,"[7, 9)"
10,2018,2018-08-06,68.0,78.1,10.0,w,sunny,south of welch,7:45,lake trout,15.0,45.0,0,6:50,10:00,welch,190.0,8,7,"[7, 9)"
11,2018,2018-07-30,65.0,76.0,10.0,sw,hazy,east of welch,7:56,lake trout,17.0,23.0,0,7:15,10:00,welch,165.0,7,7,"[7, 9)"
12,2018,2018-09-12,65.0,72.3,5.0,ne,overcast,north of diamond,8:06,lake trout,16.0,45.0,0,7:30,9:55,diamond,145.0,9,8,"[7, 9)"
13,2019,2019-08-20,63.08860759493671,75.33018867924528,8.0,sw,sunny,north of lockes,8:06,lake trout,16.0,35.0,0,7:15,10:45,lockes,210.0,8,8,"[7, 9)"
14,2018,2018-09-21,60.0,71.4,7.0,sw,overcast,alton bay,8:07,lake trout,22.0,45.0,0,7:45,10:00,alton bay,135.0,9,8,"[7, 9)"
15,2015,2015-08-23,61.0,76.7,6.0,s,overcast,north of lockes,8:10,lake trout,16.0,43.0,0,6:00,10:00,lockes,240.0,8,8,"[7, 9)"
16,2015,2015-08-18,66.0,76.5,6.0,sw,sunny,south of welch,8:10,lake trout,15.0,15.0,0,6:15,9:00,welch,165.0,8,8,"[7, 9)"
17,2018,2018-05-27,57.0,59.3,15.0,ene,overcast,west of timber,8:10,lake trout,20.0,27.0,0,7:50,10:45,timber,175.0,5,8,"[7, 9)"
18,2018,2018-08-02,73.0,76.0,8.0,sw,overcast,east of lockes,8:13,lake trout,18.0,45.0,0,6:20,10:15,lockes,235.0,8,8,"[7, 9)"
19,2019,2019-08-20,63.08860759493671,75.33018867924528,8.0,sw,sunny,north of lockes,8:14,lake trout,14.0,37.0,0,7:15,10:45,lockes,210.0,8,8,"[7, 9)"
20,2016,2016-08-16,62.0,75.9,6.0,nw,overcast,north of diamond,8:15,lake trout,21.0,30.0,0,7:45,10:00,diamond,135.0,8,8,"[7, 9)"
21,2017,2017-07-15,70.0,72.1,4.0,sw,overcast,north of diamond,8:20,lake trout,17.0,27.0,0,7:45,10:45,diamond,180.0,7,8,"[7, 9)"
22,2018,2018-08-06,68.0,78.1,10.0,w,sunny,south of welch,8:25,lake trout,15.0,45.0,0,6:50,10:00,welch,190.0,8,8,"[7, 9)"
23,2018,2018-05-07,58.0,52.8,5.0,sw,sunny,harilla bay,8:30,lake trout,21.0,2.0,0,8:00,13:15,harilla bay,315.0,5,8,"[7, 9)"
24,2017,2017-07-26,60.0,73.1,5.0,sw,sunny,north of welch,8:30,lake trout,16.0,29.0,0,5:45,9:30,welch,225.0,7,8,"[7, 9)"
25,2019,2019-09-21,61.52941176470589,73.1078431372549,9.0,nw,sunny,north of diamond,8:36,lake trout,17.0,49.0,0,8:20,9:45,diamond,85.0,9,8,"[7, 9)"
26,2019,2019-08-12,63.08860759493671,75.33018867924528,15.0,nw,sunny,north of welch,8:45,lake trout,19.0,51.0,0,8:45,11:00,welch,135.0,8,8,"[7, 9)"
27,2018,2018-08-20,62.0,75.8,3.0,ne,overcast,north of welch,8:46,lake trout,17.0,47.0,0,7:30,9:15,welch,105.0,8,8,"[7, 9)"
28,2019,2019-08-18,63.08860759493671,75.33018867924528,6.0,nw,sunny,north of welch,8:47,lake trout,15.0,41.0,0,8:00,11:00,welch,180.0,8,8,"[7, 9)"
29,2015,2015-05-03,51.0,44.8,6.0,ne,sunny,north of lockes,8:50,lake trout,17.555555555555557,75.0,0,8:00,10:30,lockes,150.0,5,8,"[7, 9)"
30,2018,2018-08-31,62.0,74.7,5.0,se,hazy,east of diamond,8:57,lake trout,18.0,51.0,0,7:15,10:20,diamond,185.0,8,8,"[7, 9)"
31,2018,2018-08-15,69.0,76.1,5.0,sw,overcast,south of welch,8:58,lake trout,19.0,45.0,0,7:15,10:00,welch,165.0,8,8,"[7, 9)"
32,2018,2018-05-28,52.0,57.8,2.0,e,overcast,east of lockes,8:59,lake trout,18.0,27.0,0,7:30,10:00,lockes,150.0,5,8,"[7, 9)"
33,2016,2016-06-12,60.0,59.0,15.0,sw,sunny,east of governors,9:00,lake trout,17.0,37.0,0,7:30,10:30,governors,180.0,6,9,"[9, 11)"
34,2015,2015-05-03,51.0,44.8,6.0,ne,sunny,north of lockes,9:00,lake trout,17.555555555555557,90.0,0,8:00,10:30,lockes,150.0,5,9,"[9, 11)"
35,2015,2015-07-11,68.0,72.0,5.0,nw,sunny,south of sandy,9:00,lake trout,18.0,20.0,0,6:30,9:20,sandy,170.0,7,9,"[9, 11)"
36,2015,2015-08-29,62.0,74.8,6.0,sw,hazy,south of welch,9:00,lake trout,19.0,25.0,0,7:30,10:45,welch,195.0,8,9,"[9, 11)"
37,2017,2017-07-23,68.0,76.1,16.0,ne,sunny,west of timber,9:10,lake trout,22.0,25.0,0,7:15,9:10,timber,115.0,7,9,"[9, 11)"
38,2019,2019-06-25,63.0,65.7,12.0,ne,overcast,south of governors,9:20,lake trout,18.0,35.0,0,8:00,10:30,governors,150.0,6,9,"[9, 11)"
39,2019,2019-08-17,63.08860759493671,75.33018867924528,6.0,ne,overcast,north of diamond,9:24,lake trout,18.0,51.0,0,8:20,11:50,diamond,210.0,8,9,"[9, 11)"
40,2016,2016-06-12,60.0,59.0,15.0,sw,sunny,east of governors,9:30,lake trout,19.0,37.0,0,7:30,10:30,governors,180.0,6,9,"[9, 11)"
41,2017,2017-05-28,54.0,56.9,7.0,nw,overcast,south of governors,9:30,lake trout,21.0,40.87301587301587,0,7:30,11:00,governors,210.0,5,9,"[9, 11)"
42,2019,2019-09-21,61.52941176470589,73.1078431372549,9.0,nw,sunny,north of diamond,9:32,lake trout,15.0,53.0,0,8:20,9:45,diamond,85.0,9,9,"[9, 11)"
43,2017,2017-07-15,70.0,72.1,4.0,sw,overcast,north of diamond,9:35,lake trout,19.0,35.0,0,7:45,10:45,diamond,180.0,7,9,"[9, 11)"
44,2018,2018-08-27,65.0,74.5,11.0,sw,sunny,north of diamond,9:44,lake trout,18.0,51.0,0,8:45,10:45,diamond,120.0,8,9,"[9, 11)"
45,2018,2018-05-16,53.0,57.6,10.0,se,sunny,sanders bay,9:45,lake trout,20.0,29.0,0,7:15,11:30,sanders bay,255.0,5,9,"[9, 11)"
46,2018,2018-09-12,65.0,72.3,5.0,ne,overcast,north of diamond,9:47,lake trout,17.0,45.0,0,7:30,9:55,diamond,145.0,9,9,"[9, 11)"
47,2017,2017-07-15,70.0,72.1,4.0,sw,overcast,north of diamond,9:50,lake trout,16.0,35.0,0,7:45,10:45,diamond,180.0,7,9,"[9, 11)"
48,2015,2015-08-08,55.0,74.8,5.0,nw,sunny,north of sandy,9:50,lake trout,18.0,175.0,0,5:45,10:10,sandy,265.0,8,9,"[9, 11)"
49,2019,2019-06-25,63.0,65.7,12.0,ne,overcast,south of governors,9:50,lake trout,15.0,35.0,0,8:00,10:30,governors,150.0,6,9,"[9, 11)"
50,2018,2018-05-08,54.0,55.0,0.0,no_wind,sunny,harilla bay,9:55,lake trout,22.0,20.0,0,7:30,12:15,harilla bay,285.0,5,9,"[9, 11)"
51,2020,2020-09-08,75.0,69.0,7.0,nw,sunny,alton bay,10:03,lake trout,17.0,69.0,0,7:30,10:55,alton bay,205.0,9,10,"[9, 11)"
52,2019,2019-08-22,63.08860759493671,75.33018867924528,0.0,no_wind,sunny,north of diamond,10:16,lake trout,18.0,63.0,0,7:45,10:50,diamond,185.0,8,10,"[9, 11)"
53,2015,2015-07-12,69.0,72.0,10.0,nw,sunny,south of sandy,10:20,lake trout,10.0,25.0,0,8:30,10:20,sandy,110.0,7,10,"[9, 11)"
54,2019,2019-08-22,63.08860759493671,75.33018867924528,0.0,no_wind,sunny,north of diamond,10:30,lake trout,15.0,63.0,0,7:45,10:50,diamond,185.0,8,10,"[9, 11)"
55,2015,2015-09-12,59.0,75.3,7.0,nw,sunny,north of diamond,10:30,lake trout,18.0,20.0,0,6:30,10:40,diamond,250.0,9,10,"[9, 11)"
56,2017,2017-05-28,54.0,56.9,7.0,nw,overcast,north of lockes,10:30,lake trout,17.0,40.87301587301587,0,7:30,11:00,lockes,210.0,5,10,"[9, 11)"
57,2019,2019-08-21,63.08860759493671,75.33018867924528,10.0,nw,overcast,north of diamond,10:42,lake trout,19.0,51.0,0,8:15,11:15,diamond,180.0,8,10,"[9, 11)"
58,2019,2019-08-17,63.08860759493671,75.33018867924528,6.0,ne,overcast,north of diamond,11:09,lake trout,17.0,51.0,0,8:20,11:50,diamond,210.0,8,11,"[11, 13)"
59,2018,2018-05-08,54.0,55.0,0.0,no_wind,sunny,harilla bay,11:10,lake trout,19.0,14.0,0,7:30,12:15,harilla bay,285.0,5,11,"[11, 13)"
60,2022,2022-05-02,51.0,45.0,3.0,e,sunny,south of welch,12:18,lake trout,17.0,15.0,0,10:30,13:00,welch,150.0,5,12,"[11, 13)"
61,2022,2022-04-12,52.23529411764706,50.0,0.0,no_wind,sunny,harilla bay,15:30,lake trout,22.0,10.0,0,12:00,16:00,harilla bay,240.0,4,15,"[15, 17)"
62,2022,2022-04-08,52.23529411764706,45.0,0.0,no_wind,overcast,tip of witches,16:15,lake trout,20.0,2.0,0,16:00,17:45,tip witches,105.0,4,16,"[15, 17)"
63,2018,2018-08-28,86.0,77.1,10.0,w,hazy,north of diamond,18:13,lake trout,17.0,51.0,0,17:45,18:45,diamond,60.0,8,18,
64,2018,2018-08-28,86.0,77.1,10.0,w,hazy,north of diamond,18:32,lake trout,16.0,51.0,0,17:45,18:45,diamond,60.0,8,18,
65,2020,2020-06-14,60.54054054054054,63.0,7.0,se,sunny,north of welch,7:17,lake trout,17.0,17.0,0,7:00,10:00,welch,180.0,6,7,"[7, 9)"
66,2015,2015-05-17,58.0,58.0,0.0,no_wind,no_weather_recorded,harilla bay,5:45,rainbow,15.0,2.0,0,5:20,10:15,harilla bay,295.0,5,5,"[5, 7)"
67,2015,2015-08-07,54.0,74.5,7.0,sw,sunny,north of diamond,6:25,rainbow,16.0,27.0,0,6:10,9:45,diamond,215.0,8,6,"[5, 7)"
68,2015,2015-08-02,56.0,75.0,5.0,sw,sunny,west of witches,6:35,rainbow,15.0,15.0,0,6:00,8:00,witches,120.0,8,6,"[5, 7)"
69,2015,2015-08-15,60.0,74.4,8.0,nw,sunny,north of lockes,6:40,rainbow,16.0,39.0,0,6:15,7:00,lockes,45.0,8,6,"[5, 7)"
70,2015,2015-08-25,71.0,76.7,4.0,se,overcast,south of sandy,6:40,rainbow,15.0,15.0,0,6:40,8:45,sandy,125.0,8,6,"[5, 7)"
71,2018,2018-08-02,73.0,76.0,8.0,sw,overcast,east of lockes,6:49,rainbow,19.0,45.0,0,6:20,10:15,lockes,235.0,8,6,"[5, 7)"
72,2015,2015-08-27,65.0,76.2,8.0,nw,sunny,north of lockes,6:50,rainbow,16.0,20.0,0,6:20,9:30,lockes,190.0,8,6,"[5, 7)"
73,2015,2015-08-02,56.0,75.0,5.0,sw,sunny,west of witches,6:50,rainbow,13.0,110.0,0,6:00,8:00,witches,120.0,8,6,"[5, 7)"
74,2018,2018-08-28,73.0,75.7,3.0,sw,sunny,north of welch,6:55,rainbow,18.0,43.0,0,6:50,8:30,welch,100.0,8,6,"[5, 7)"
75,2018,2018-08-28,73.0,75.7,3.0,sw,sunny,north of welch,6:55,rainbow,18.0,51.0,0,6:50,8:30,welch,100.0,8,6,"[5, 7)"
76,2018,2018-08-28,73.0,75.7,3.0,sw,sunny,north of welch,6:55,rainbow,18.0,43.0,0,6:50,8:30,welch,100.0,8,6,"[5, 7)"
77,2015,2015-08-22,63.0,76.4,4.0,sw,overcast,east of lockes,7:00,rainbow,15.0,15.0,0,6:15,9:25,lockes,190.0,8,7,"[7, 9)"
78,2015,2015-08-15,60.0,74.4,8.0,nw,sunny,north of lockes,7:00,rainbow,20.0,15.0,0,6:15,7:00,lockes,45.0,8,7,"[7, 9)"
79,2015,2015-08-27,65.0,76.3,8.0,nw,sunny,north of lockes,7:00,rainbow,16.0,20.0,0,6:20,9:00,lockes,160.0,8,7,"[7, 9)"
80,2015,2015-09-12,59.0,75.3,7.0,nw,sunny,north of diamond,7:05,rainbow,10.0,20.0,0,6:30,10:40,diamond,250.0,9,7,"[7, 9)"
81,2015,2015-09-01,68.0,74.9,4.0,w,sunny,north of welch,7:10,rainbow,14.0,20.0,0,7:00,10:00,welch,180.0,9,7,"[7, 9)"
82,2015,2015-07-22,61.0,75.0,15.0,nw,no_weather_recorded,south of welch,7:15,rainbow,15.0,32.82857142857143,0,6:30,10:30,welch,240.0,7,7,"[7, 9)"
83,2018,2018-07-08,61.0,72.7,7.0,nw,sunny,south of welch,7:17,rainbow,10.0,29.0,0,6:50,10:15,welch,205.0,7,7,"[7, 9)"
84,2018,2018-08-02,73.0,76.0,8.0,sw,overcast,east of lockes,7:19,rainbow,16.0,45.0,0,6:20,10:15,lockes,235.0,8,7,"[7, 9)"
85,2015,2015-08-02,56.0,75.0,5.0,sw,sunny,west of witches,7:20,rainbow,15.0,27.0,0,6:00,8:00,witches,120.0,8,7,"[7, 9)"
86,2018,2018-07-20,63.0,74.9,7.0,sw,sunny,north of diamond,7:22,rainbow,15.0,25.0,0,7:00,10:30,diamond,210.0,7,7,"[7, 9)"
87,2017,2017-08-22,59.0,73.0,2.0,w,sunny,north of welch,7:40,rainbow,15.0,23.0,0,6:55,9:15,welch,140.0,8,7,"[7, 9)"
88,2015,2015-08-28,63.0,75.2,5.0,nw,sunny,north of diamond,7:45,rainbow,16.0,43.0,0,7:15,10:30,diamond,195.0,8,7,"[7, 9)"
89,2015,2015-08-28,65.0,76.3,8.0,nw,sunny,north of diamond,7:45,rainbow,16.0,43.0,0,7:15,10:30,diamond,195.0,8,7,"[7, 9)"
90,2018,2018-07-16,75.0,75.7,5.0,nw,overcast,north of lockes,7:46,rainbow,15.0,25.0,0,7:10,9:00,lockes,110.0,7,7,"[7, 9)"
91,2016,2016-08-10,66.0,76.2,4.0,nw,overcast,east of welch,7:50,rainbow,17.0,31.0,0,7:30,10:15,welch,165.0,8,7,"[7, 9)"
92,2015,2015-08-02,56.0,75.0,5.0,sw,sunny,west of witches,8:00,rainbow,17.0,150.0,0,6:00,8:00,witches,120.0,8,8,"[7, 9)"
93,2016,2016-06-04,65.0,64.9,5.0,w,sunny,north of welch,8:03,rainbow,17.0,15.0,0,7:45,10:15,welch,150.0,6,8,"[7, 9)"
94,2016,2016-05-28,68.0,60.6,0.0,no_wind,sunny,east of welch,8:04,rainbow,17.5,15.0,0,7:45,9:30,welch,105.0,5,8,"[7, 9)"
95,2015,2015-07-18,62.0,73.4,15.0,se,raining,north of diamond,8:10,rainbow,16.0,17.0,0,6:15,10:30,diamond,255.0,7,8,"[7, 9)"
96,2016,2016-07-13,71.0,72.5,3.0,w,sunny,north of lockes,8:10,rainbow,10.0,29.0,0,7:45,10:30,lockes,165.0,7,8,"[7, 9)"
97,2018,2018-08-08,74.0,79.6,6.0,nw,overcast,north of diamond,8:15,rainbow,15.0,25.0,0,7:15,9:45,diamond,150.0,8,8,"[7, 9)"
98,2019,2019-07-10,64.0,74.9,9.0,nw,hazy,south of welch,8:15,rainbow,12.0,15.0,0,7:15,9:20,welch,125.0,7,8,"[7, 9)"
99,2019,2019-08-18,63.08860759493671,75.33018867924528,6.0,nw,sunny,north of welch,8:19,rainbow,15.0,43.0,0,8:00,11:00,welch,180.0,8,8,"[7, 9)"
100,2015,2015-09-03,69.0,75.5,4.0,nw,hazy,north of diamond,8:20,rainbow,15.0,20.0,0,6:30,9:30,diamond,180.0,9,8,"[7, 9)"
101,2017,2017-07-02,70.0,71.5,12.0,sw,sunny,north of diamond,8:25,rainbow,18.0,37.0,0,7:45,10:00,diamond,135.0,7,8,"[7, 9)"
102,2019,2019-07-10,64.0,74.9,9.0,nw,hazy,south of welch,8:26,rainbow,12.0,15.0,0,7:15,9:20,welch,125.0,7,8,"[7, 9)"
103,2015,2015-07-05,64.0,68.2,12.0,sw,sunny,east of welch,8:30,rainbow,16.0,25.0,0,7:00,8:30,welch,90.0,7,8,"[7, 9)"
104,2015,2015-06-27,54.0,68.8,3.0,s,sunny,north of lockes,8:30,rainbow,19.0,20.0,0,7:15,10:00,lockes,165.0,6,8,"[7, 9)"
105,2015,2015-06-07,40.0,59.0,0.0,no_wind,sunny,wolfboro bay,8:30,rainbow,16.0,15.0,0,6:30,10:30,wolfboro bay,240.0,6,8,"[7, 9)"
106,2016,2016-08-21,65.0,75.1,0.0,no_wind,overcast,north of diamond,8:35,rainbow,17.0,35.0,0,7:30,10:30,diamond,180.0,8,8,"[7, 9)"
107,2018,2018-07-16,75.0,75.7,5.0,nw,overcast,north of lockes,8:35,rainbow,17.0,25.0,0,7:10,9:00,lockes,110.0,7,8,"[7, 9)"
108,2017,2017-09-03,54.0,67.0,10.0,e,sunny,north of welch,8:40,rainbow,18.0,23.0,0,7:45,10:30,welch,165.0,9,8,"[7, 9)"
109,2015,2015-06-13,65.0,65.0,10.0,nw,sunny,long island,8:45,rainbow,19.0,13.0,0,7:15,9:45,long island,150.0,6,8,"[7, 9)"
110,2015,2015-08-18,66.0,76.5,6.0,sw,sunny,south of welch,8:45,rainbow,20.0,20.0,0,6:15,9:00,welch,165.0,8,8,"[7, 9)"
111,2018,2018-08-26,60.0,74.1,0.0,no_wind,sunny,north of diamond,8:53,rainbow,16.0,47.0,0,7:15,10:15,diamond,180.0,8,8,"[7, 9)"
112,2018,2018-08-29,73.0,76.2,6.0,sw,sunny,north of diamond,8:57,rainbow,15.0,45.0,0,7:15,9:55,diamond,160.0,8,8,"[7, 9)"
113,2015,2015-08-22,63.0,76.4,4.0,sw,overcast,east of lockes,9:00,rainbow,15.0,20.0,0,6:15,9:25,lockes,190.0,8,9,"[9, 11)"
114,2017,2017-07-21,68.0,76.4,12.0,w,sunny,north of birch,9:00,rainbow,15.0,23.0,0,6:30,10:30,birch,240.0,7,9,"[9, 11)"
115,2018,2018-08-26,60.0,74.1,0.0,no_wind,sunny,north of diamond,9:03,rainbow,17.0,51.0,0,7:15,10:15,diamond,180.0,8,9,"[9, 11)"
116,2019,2019-08-17,63.08860759493671,75.33018867924528,6.0,ne,overcast,north of diamond,9:04,rainbow,15.0,51.0,0,8:20,11:50,diamond,210.0,8,9,"[9, 11)"
117,2018,2018-07-20,63.0,74.9,7.0,sw,sunny,north of diamond,9:04,rainbow,15.0,17.0,0,7:00,10:30,diamond,210.0,7,9,"[9, 11)"
118,2018,2018-07-30,65.0,76.0,10.0,sw,hazy,east of welch,9:06,rainbow,16.0,35.0,0,7:15,10:00,welch,165.0,7,9,"[9, 11)"
119,2018,2018-07-13,65.0,75.0,7.0,ne,sunny,north of diamond,9:07,rainbow,15.0,25.0,0,7:30,9:30,diamond,120.0,7,9,"[9, 11)"
120,2019,2019-08-24,63.08860759493671,75.33018867924528,6.0,nw,sunny,north of diamond,9:08,rainbow,15.0,47.0,0,8:10,11:15,diamond,185.0,8,9,"[9, 11)"
121,2015,2015-09-18,59.0,73.7,0.0,no_wind,sunny,alton bay,9:20,rainbow,16.0,25.0,0,7:10,10:00,alton bay,170.0,9,9,"[9, 11)"
122,2016,2016-08-10,66.0,76.2,4.0,nw,overcast,east of welch,9:20,rainbow,13.0,31.0,0,7:30,10:15,welch,165.0,8,9,"[9, 11)"
123,2019,2019-08-24,63.08860759493671,75.33018867924528,6.0,nw,sunny,north of diamond,9:24,rainbow,15.0,45.0,0,8:10,11:15,diamond,185.0,8,9,"[9, 11)"
124,2018,2018-09-02,64.0,75.0,7.0,sw,overcast,alton bay,9:27,rainbow,15.0,39.0,0,7:20,10:20,alton bay,180.0,9,9,"[9, 11)"
125,2019,2019-05-09,51.0,48.1,3.0,se,sunny,harilla bay,9:30,rainbow,17.0,2.0,0,8:30,12:30,harilla bay,240.0,5,9,"[9, 11)"
126,2019,2019-08-24,63.08860759493671,75.33018867924528,6.0,nw,sunny,north of diamond,9:37,rainbow,16.0,45.0,0,8:10,11:15,diamond,185.0,8,9,"[9, 11)"
127,2015,2015-07-18,62.0,73.4,15.0,se,raining,north of diamond,9:40,rainbow,16.0,17.0,0,6:15,10:30,diamond,255.0,7,9,"[9, 11)"
128,2017,2017-08-14,64.0,73.4,7.0,nw,sunny,north of welch,9:45,rainbow,20.0,38.0,0,7:25,10:00,welch,155.0,8,9,"[9, 11)"
129,2015,2015-08-29,62.0,74.8,6.0,sw,hazy,south of welch,9:50,rainbow,16.0,20.0,0,7:30,10:45,welch,195.0,8,9,"[9, 11)"
130,2017,2017-05-06,48.0,45.8,5.0,e,raining,harilla bay,10:10,rainbow,17.0,32.82857142857143,0,8:15,11:30,harilla bay,195.0,5,10,"[9, 11)"
131,2017,2017-06-14,66.0,66.0,12.0,nw,sunny,harilla bay,10:10,rainbow,16.0,32.82857142857143,0,8:00,10:55,harilla bay,175.0,6,10,"[9, 11)"
132,2015,2015-09-05,53.0,75.0,5.0,sw,sunny,north of diamond,10:10,rainbow,17.0,20.0,0,7:00,11:00,diamond,240.0,9,10,"[9, 11)"
133,2017,2017-08-26,49.0,71.5,10.0,nw,sunny,east of welch,10:15,rainbow,15.0,25.0,0,6:10,10:45,welch,275.0,8,10,"[9, 11)"
134,2015,2015-08-29,62.0,74.8,6.0,sw,hazy,south of welch,10:15,rainbow,16.0,150.0,0,7:30,10:45,welch,195.0,8,10,"[9, 11)"
135,2019,2019-08-20,63.08860759493671,75.33018867924528,8.0,sw,sunny,south of welch,10:18,rainbow,16.0,47.0,0,7:15,10:45,welch,210.0,8,10,"[9, 11)"
136,2018,2018-07-14,66.0,73.6,0.0,no_wind,overcast,east of lockes,11:26,rainbow,15.0,25.0,0,8:00,11:45,lockes,225.0,7,11,"[11, 13)"
137,2022,2022-05-01,68.0,48.0,0.0,no_wind,sunny,harilla bay,12:24,rainbow,17.0,15.0,0,10:30,14:00,harilla bay,210.0,5,12,"[11, 13)"
138,2018,2018-09-11,66.0,72.6,2.0,nw,overcast,alton bay,15:15,rainbow,17.0,45.0,0,14:00,16:15,alton bay,135.0,9,15,"[15, 17)"
139,2017,2017-07-26,60.0,73.1,5.0,sw,sunny,north of welch,5:55,salmon,17.0,15.0,0,5:45,9:30,welch,225.0,7,5,"[5, 7)"
140,2015,2015-05-17,58.0,58.0,0.0,no_wind,no_weather_recorded,harilla bay,6:00,salmon,14.0,26.479166666666668,0,5:20,10:15,harilla bay,295.0,5,6,"[5, 7)"
141,2017,2017-07-26,60.0,73.1,5.0,sw,sunny,north of welch,6:10,salmon,22.0,15.0,0,5:45,9:30,welch,225.0,7,6,"[5, 7)"
142,2015,2015-08-23,61.0,76.7,6.0,s,overcast,north of welch,6:10,salmon,17.0,31.0,0,6:00,10:00,welch,240.0,8,6,"[5, 7)"
143,2015,2015-08-02,56.0,75.0,5.0,sw,sunny,west of witches,6:10,salmon,18.0,15.0,0,6:00,8:00,witches,120.0,8,6,"[5, 7)"
144,2015,2015-08-14,60.0,74.3,8.0,nw,sunny,west of lockes,6:15,salmon,21.0,29.0,0,6:00,10:10,lockes,250.0,8,6,"[5, 7)"
145,2015,2015-08-22,63.0,76.4,4.0,sw,overcast,east of lockes,6:20,salmon,17.0,15.0,0,6:15,9:25,lockes,190.0,8,6,"[5, 7)"
146,2015,2015-08-15,60.0,74.4,8.0,nw,sunny,north of lockes,6:20,salmon,17.0,15.0,0,6:15,7:00,lockes,45.0,8,6,"[5, 7)"
147,2015,2015-08-27,65.0,76.2,8.0,nw,sunny,north of lockes,6:20,salmon,18.0,20.0,0,6:20,9:30,lockes,190.0,8,6,"[5, 7)"
148,2015,2015-08-27,65.0,76.3,8.0,nw,sunny,north of lockes,6:20,salmon,18.0,20.0,0,6:20,9:00,lockes,160.0,8,6,"[5, 7)"
149,2015,2015-08-08,55.0,74.8,5.0,nw,sunny,north of sandy,6:20,salmon,18.0,98.0,0,5:45,10:10,sandy,265.0,8,6,"[5, 7)"
150,2015,2015-08-23,61.0,76.7,6.0,s,overcast,north of welch,6:20,salmon,10.0,27.0,0,6:00,10:00,welch,240.0,8,6,"[5, 7)"
151,2015,2015-08-14,60.0,74.3,8.0,nw,sunny,west of lockes,6:20,salmon,21.0,90.0,0,6:00,10:10,lockes,250.0,8,6,"[5, 7)"
152,2017,2017-08-26,49.0,71.5,10.0,nw,sunny,east of welch,6:25,salmon,15.0,20.0,0,6:10,10:45,welch,275.0,8,6,"[5, 7)"
153,2017,2017-07-26,60.0,73.1,5.0,sw,sunny,north of welch,6:25,salmon,18.0,21.0,0,5:45,9:30,welch,225.0,7,6,"[5, 7)"
154,2015,2015-08-02,56.0,75.0,5.0,sw,sunny,west of witches,6:25,salmon,18.0,15.0,0,6:00,8:00,witches,120.0,8,6,"[5, 7)"
155,2015,2015-04-29,46.0,43.2,0.0,no_wind,sunny,little bear bay,6:30,salmon,19.0,2.0,0,6:30,12:20,little bear bay,350.0,4,6,"[5, 7)"
156,2015,2015-08-18,66.0,76.5,6.0,sw,sunny,south of welch,6:30,salmon,17.0,31.0,0,6:15,9:00,welch,165.0,8,6,"[5, 7)"
157,2015,2015-08-08,55.0,74.8,5.0,nw,sunny,north of diamond,6:35,salmon,17.0,20.0,0,5:45,10:10,diamond,265.0,8,6,"[5, 7)"
158,2015,2015-07-18,62.0,73.4,15.0,se,raining,south of sandy,6:35,salmon,17.0,88.0,0,6:15,10:30,sandy,255.0,7,6,"[5, 7)"
159,2015,2015-08-18,66.0,76.5,6.0,sw,sunny,south of welch,6:35,salmon,18.0,20.0,0,6:15,9:00,welch,165.0,8,6,"[5, 7)"
160,2015,2015-08-25,71.0,76.7,12.0,se,overcast,south of sandy,6:45,salmon,18.0,15.0,0,6:40,8:45,sandy,125.0,8,6,"[5, 7)"
161,2015,2015-08-22,63.0,76.4,4.0,sw,overcast,east of lockes,6:50,salmon,16.0,15.0,0,6:15,9:25,lockes,190.0,8,6,"[5, 7)"
162,2016,2016-08-24,59.0,73.5,5.0,sw,sunny,north of diamond,6:50,salmon,10.0,35.0,0,6:35,9:00,diamond,145.0,8,6,"[5, 7)"
163,2015,2015-09-03,69.0,75.5,4.0,nw,hazy,north of diamond,6:55,salmon,18.0,20.0,0,6:30,9:30,diamond,180.0,9,6,"[5, 7)"
164,2015,2015-08-07,54.0,74.5,7.0,sw,sunny,north of diamond,6:55,salmon,17.0,20.0,0,6:10,9:45,diamond,215.0,8,6,"[5, 7)"
165,2015,2015-07-22,61.0,75.0,15.0,nw,no_weather_recorded,south of welch,6:55,salmon,16.0,26.479166666666668,0,6:30,10:30,welch,240.0,7,6,"[5, 7)"
166,2015,2015-04-27,52.23529411764706,40.3,0.0,no_wind,sunny,east of little bear bay,7:00,salmon,17.26222222222222,21.5,0,7:00,11:30,little bear bay,270.0,4,7,"[7, 9)"
167,2015,2015-09-06,65.0,75.7,8.0,w,sunny,north of diamond,7:00,salmon,17.0,20.0,0,7:00,9:15,diamond,135.0,9,7,"[7, 9)"
168,2015,2015-08-02,56.0,75.0,5.0,sw,sunny,west of witches,7:00,salmon,10.0,27.0,0,6:00,8:00,witches,120.0,8,7,"[7, 9)"
169,2015,2015-08-25,71.0,76.7,12.0,se,overcast,south of sandy,7:05,salmon,19.0,15.0,0,6:40,8:45,sandy,125.0,8,7,"[7, 9)"
170,2015,2015-07-21,69.0,75.3,5.0,sw,no_weather_recorded,east of lockes,7:10,salmon,19.0,25.0,0,6:30,10:15,lockes,225.0,7,7,"[7, 9)"
171,2018,2018-08-05,69.0,77.3,7.0,nw,sunny,east of lockes,7:10,salmon,21.0,45.0,0,7:00,10:00,lockes,180.0,8,7,"[7, 9)"
172,2015,2015-09-03,69.0,75.5,4.0,nw,hazy,north of diamond,7:10,salmon,21.0,20.0,0,6:30,9:30,diamond,180.0,9,7,"[7, 9)"
173,2015,2015-08-23,61.0,76.7,6.0,s,overcast,north of lockes,7:10,salmon,17.0,31.0,0,6:00,10:00,lockes,240.0,8,7,"[7, 9)"
174,2015,2015-08-25,71.0,76.7,12.0,se,overcast,south of sandy,7:10,salmon,19.0,15.0,0,6:40,8:45,sandy,125.0,8,7,"[7, 9)"
175,2015,2015-08-06,56.0,75.0,12.0,nw,sunny,west of welch,7:10,salmon,20.0,20.0,0,6:30,9:00,welch,150.0,8,7,"[7, 9)"
176,2017,2017-08-21,62.0,72.3,5.0,nw,sunny,carr point,7:11,salmon,16.0,25.0,0,7:00,10:00,carr point,180.0,8,7,"[7, 9)"
177,2015,2015-07-16,52.0,73.5,3.0,s,no_weather_recorded,east of lockes,7:12,salmon,18.0,17.0,0,7:00,9:50,lockes,170.0,7,7,"[7, 9)"
178,2015,2015-08-19,73.0,78.2,7.0,s,sunny,north of welch,7:15,salmon,18.0,20.0,0,7:15,8:30,welch,75.0,8,7,"[7, 9)"
179,2015,2015-08-02,56.0,75.0,5.0,sw,sunny,west of witches,7:15,salmon,15.0,27.0,0,6:00,8:00,witches,120.0,8,7,"[7, 9)"
180,2015,2015-07-21,69.0,75.3,5.0,sw,no_weather_recorded,east of lockes,7:20,salmon,19.0,25.0,0,6:30,10:15,lockes,225.0,7,7,"[7, 9)"
181,2015,2015-08-23,61.0,76.7,6.0,s,overcast,north of lockes,7:20,salmon,17.0,31.0,0,6:00,10:00,lockes,240.0,8,7,"[7, 9)"
182,2017,2017-07-26,60.0,73.1,5.0,sw,sunny,north of welch,7:20,salmon,18.0,18.0,0,5:45,9:30,welch,225.0,7,7,"[7, 9)"
183,2015,2015-09-02,69.0,75.6,7.0,nw,sunny,weirs marina,7:20,salmon,21.0,20.0,0,7:15,10:00,weirs marina,165.0,9,7,"[7, 9)"
184,2015,2015-08-14,60.0,74.3,8.0,nw,sunny,west of lockes,7:20,salmon,16.0,29.0,0,6:00,10:10,lockes,250.0,8,7,"[7, 9)"
185,2015,2015-09-01,68.0,74.9,4.0,w,sunny,north of welch,7:25,salmon,19.0,20.0,0,7:00,10:00,welch,180.0,9,7,"[7, 9)"
186,2015,2015-06-06,59.0,59.0,6.0,se,overcast,north of welch,7:25,salmon,18.0,26.479166666666668,0,5:45,7:40,welch,115.0,6,7,"[7, 9)"
187,2015,2015-08-25,71.0,76.7,12.0,se,overcast,south of sandy,7:25,salmon,19.0,15.0,0,6:40,8:45,sandy,125.0,8,7,"[7, 9)"
188,2015,2015-08-18,66.0,76.5,6.0,sw,sunny,south of welch,7:25,salmon,20.0,20.0,0,6:15,9:00,welch,165.0,8,7,"[7, 9)"
189,2015,2015-08-23,61.0,76.7,6.0,s,overcast,north of lockes,7:30,salmon,18.0,20.0,0,6:00,10:00,lockes,240.0,8,7,"[7, 9)"
190,2015,2015-08-27,65.0,76.2,8.0,nw,sunny,north of lockes,7:30,salmon,10.0,37.0,0,6:20,9:30,lockes,190.0,8,7,"[7, 9)"
191,2018,2018-08-28,73.0,75.7,3.0,sw,sunny,north of welch,7:30,salmon,22.0,45.0,0,6:50,8:30,welch,100.0,8,7,"[7, 9)"
192,2015,2015-08-02,56.0,75.0,5.0,sw,sunny,west of witches,7:30,salmon,15.0,27.0,0,6:00,8:00,witches,120.0,8,7,"[7, 9)"
193,2015,2015-09-02,69.0,75.6,7.0,nw,sunny,weirs marina,7:35,salmon,17.0,29.0,0,7:15,10:00,weirs marina,165.0,9,7,"[7, 9)"
194,2015,2015-07-21,69.0,75.3,5.0,sw,no_weather_recorded,east of lockes,7:40,salmon,19.0,25.0,0,6:30,10:15,lockes,225.0,7,7,"[7, 9)"
195,2015,2015-07-05,64.0,68.2,12.0,sw,sunny,east of welch,7:40,salmon,20.0,100.0,0,7:00,8:30,welch,90.0,7,7,"[7, 9)"
196,2015,2015-06-06,59.0,59.0,6.0,se,overcast,north of welch,7:40,salmon,15.0,26.479166666666668,0,5:45,7:40,welch,115.0,6,7,"[7, 9)"
197,2015,2015-08-25,71.0,76.7,12.0,se,overcast,south of sandy,7:40,salmon,18.0,15.0,0,6:40,8:45,sandy,125.0,8,7,"[7, 9)"
198,2018,2018-05-28,52.0,57.8,2.0,e,overcast,east of lockes,7:44,salmon,22.0,21.0,0,7:30,10:00,lockes,150.0,5,7,"[7, 9)"
199,2015,2015-04-29,46.0,43.2,0.0,no_wind,sunny,little bear bay,7:45,salmon,17.26222222222222,33.0,0,6:30,12:20,little bear bay,350.0,4,7,"[7, 9)"
200,2016,2016-08-21,65.0,75.1,0.0,no_wind,overcast,north of diamond,7:45,salmon,10.0,35.0,0,7:30,10:30,diamond,180.0,8,7,"[7, 9)"
201,2015,2015-05-14,45.0,50.0,10.0,nw,no_weather_recorded,north of lockes,7:45,salmon,17.0,28.0,0,7:15,11:55,lockes,280.0,5,7,"[7, 9)"
202,2015,2015-08-25,71.0,76.7,12.0,se,overcast,south of sandy,7:45,salmon,19.0,15.0,0,6:40,8:45,sandy,125.0,8,7,"[7, 9)"
203,2015,2015-06-14,63.0,66.0,6.0,sw,overcast,east of witches,7:50,salmon,16.0,26.479166666666668,0,7:30,7:50,witches,20.0,6,7,"[7, 9)"
204,2017,2017-08-09,58.0,72.6,6.0,nw,sunny,north of diamond,7:50,salmon,17.0,26.479166666666668,0,7:30,10:30,diamond,180.0,8,7,"[7, 9)"
205,2015,2015-08-07,54.0,74.5,7.0,sw,sunny,north of diamond,7:50,salmon,23.0,98.0,0,6:10,9:45,diamond,215.0,8,7,"[7, 9)"
206,2016,2016-08-08,60.0,75.3,8.0,w,sunny,north of lockes,7:50,salmon,18.0,20.0,0,7:00,10:10,lockes,190.0,8,7,"[7, 9)"
207,2017,2017-07-17,68.0,74.8,0.0,no_wind,hazy,north of welch,7:50,salmon,17.0,31.0,0,6:45,7:50,welch,65.0,7,7,"[7, 9)"
208,2016,2016-07-12,62.0,71.8,8.0,sw,sunny,east of welch,7:55,salmon,10.0,31.0,0,7:45,10:45,welch,180.0,7,7,"[7, 9)"
209,2015,2015-07-18,62.0,73.4,15.0,se,raining,north of diamond,7:55,salmon,17.0,17.0,0,6:15,10:30,diamond,255.0,7,7,"[7, 9)"
210,2015,2015-07-18,62.0,73.4,15.0,se,raining,north of diamond,7:55,salmon,17.0,17.0,0,6:15,10:30,diamond,255.0,7,7,"[7, 9)"
211,2015,2015-04-27,52.23529411764706,40.3,0.0,no_wind,sunny,east of little bear bay,8:00,salmon,17.26222222222222,2.0,0,7:00,11:30,little bear bay,270.0,4,8,"[7, 9)"
212,2017,2017-08-26,49.0,71.5,10.0,nw,sunny,east of welch,8:00,salmon,20.0,20.0,0,6:10,10:45,welch,275.0,8,8,"[7, 9)"
213,2015,2015-07-05,64.0,68.2,12.0,sw,sunny,east of welch,8:00,salmon,18.0,17.0,0,7:00,8:30,welch,90.0,7,8,"[7, 9)"
214,2018,2018-05-08,54.0,55.0,0.0,no_wind,sunny,harilla bay,8:00,salmon,15.0,15.0,0,7:30,12:15,harilla bay,285.0,5,8,"[7, 9)"
215,2018,2018-09-12,65.0,72.3,5.0,ne,overcast,north of diamond,8:00,salmon,18.0,45.0,0,7:30,9:55,diamond,145.0,9,8,"[7, 9)"
216,2016,2016-08-16,62.0,75.9,6.0,nw,overcast,north of diamond,8:00,salmon,17.0,23.0,0,7:45,10:00,diamond,135.0,8,8,"[7, 9)"
217,2015,2015-04-26,52.23529411764706,39.4,11.0,nw,windy,sanders bay,8:00,salmon,18.0,2.0,0,8:00,11:00,sanders bay,180.0,4,8,"[7, 9)"
218,2018,2018-08-15,69.0,76.1,5.0,sw,overcast,south of welch,8:02,salmon,17.0,45.0,0,7:15,10:00,welch,165.0,8,8,"[7, 9)"
219,2018,2018-08-03,75.0,77.3,10.0,sw,sunny,east of lockes,8:03,salmon,17.0,39.0,0,7:15,9:10,lockes,115.0,8,8,"[7, 9)"
220,2016,2016-08-21,65.0,75.1,0.0,no_wind,overcast,north of diamond,8:05,salmon,22.0,23.0,0,7:30,10:30,diamond,180.0,8,8,"[7, 9)"
221,2019,2019-08-14,63.08860759493671,75.33018867924528,8.0,ne,sunny,north of diamond,8:05,salmon,15.0,45.0,0,8:00,11:20,diamond,200.0,8,8,"[7, 9)"
222,2015,2015-08-06,56.0,75.0,12.0,nw,sunny,west of welch,8:05,salmon,18.0,27.0,0,6:30,9:00,welch,150.0,8,8,"[7, 9)"
223,2019,2019-08-18,63.08860759493671,75.33018867924528,6.0,nw,sunny,north of welch,8:06,salmon,20.0,43.0,0,8:00,11:00,welch,180.0,8,8,"[7, 9)"
224,2017,2017-05-27,54.0,55.5,5.0,nw,overcast,south of witches,8:10,salmon,17.0,15.0,0,7:45,10:30,witches,165.0,5,8,"[7, 9)"
225,2015,2015-09-05,53.0,75.0,5.0,sw,sunny,north of lockes,8:15,salmon,17.0,35.0,0,7:00,11:00,lockes,240.0,9,8,"[7, 9)"
226,2016,2016-08-18,62.0,74.6,7.0,sw,overcast,north of welch,8:15,salmon,18.0,23.0,0,7:30,9:15,welch,105.0,8,8,"[7, 9)"
227,2015,2015-04-26,52.23529411764706,39.4,11.0,nw,windy,sanders bay,8:15,salmon,19.0,2.0,0,8:00,11:00,sanders bay,180.0,4,8,"[7, 9)"
228,2018,2018-09-21,60.0,71.4,7.0,sw,overcast,alton bay,8:17,salmon,21.0,45.0,0,7:45,10:00,alton bay,135.0,9,8,"[7, 9)"
229,2018,2018-07-21,65.0,74.2,5.0,se,sunny,north of welch,8:17,salmon,17.0,25.0,0,7:30,9:30,welch,120.0,7,8,"[7, 9)"
230,2019,2019-08-18,63.08860759493671,75.33018867924528,6.0,nw,sunny,north of welch,8:18,salmon,21.0,41.0,0,8:00,11:00,welch,180.0,8,8,"[7, 9)"
231,2018,2018-08-20,62.0,75.8,3.0,ne,overcast,north of welch,8:19,salmon,21.0,47.0,0,7:30,9:15,welch,105.0,8,8,"[7, 9)"
232,2015,2015-07-16,52.0,73.5,3.0,s,no_weather_recorded,east of lockes,8:20,salmon,16.0,19.0,0,7:00,9:50,lockes,170.0,7,8,"[7, 9)"
233,2017,2017-07-16,67.0,72.3,5.0,nw,sunny,north of diamond,8:20,salmon,17.0,25.0,0,7:45,9:50,diamond,125.0,7,8,"[7, 9)"
234,2015,2015-09-08,68.0,76.0,12.0,nw,sunny,north of diamond,8:20,salmon,15.0,25.0,0,7:10,8:20,diamond,70.0,9,8,"[7, 9)"
235,2017,2017-08-22,59.0,73.0,2.0,w,sunny,north of welch,8:20,salmon,18.0,31.0,0,6:55,9:15,welch,140.0,8,8,"[7, 9)"
236,2015,2015-04-30,47.0,43.0,0.0,no_wind,sunny,harilla bay,8:25,salmon,18.0,39.0,0,6:10,8:25,harilla bay,135.0,4,8,"[7, 9)"
237,2016,2016-08-21,65.0,75.1,0.0,no_wind,overcast,north of diamond,8:25,salmon,17.0,35.0,0,7:30,10:30,diamond,180.0,8,8,"[7, 9)"
238,2015,2015-07-18,62.0,73.4,15.0,se,raining,north of diamond,8:25,salmon,17.0,17.0,0,6:15,10:30,diamond,255.0,7,8,"[7, 9)"
239,2016,2016-06-04,65.0,64.9,5.0,w,sunny,north of welch,8:25,salmon,19.0,18.0,0,7:45,10:15,welch,150.0,6,8,"[7, 9)"
240,2017,2017-07-07,64.0,72.0,7.0,nw,overcast,north of welch,8:25,salmon,15.0,25.0,0,7:30,10:30,welch,180.0,7,8,"[7, 9)"
241,2015,2015-05-16,53.0,57.0,5.0,nw,overcast,little bear bay,8:30,salmon,10.0,10.0,0,5:15,9:30,little bear bay,255.0,5,8,"[7, 9)"
242,2019,2019-08-17,63.08860759493671,75.33018867924528,6.0,ne,overcast,north of diamond,8:30,salmon,21.0,51.0,0,8:20,11:50,diamond,210.0,8,8,"[7, 9)"
243,2015,2015-09-07,63.0,75.4,8.0,w,sunny,north of diamond,8:30,salmon,22.0,20.0,0,8:10,10:00,diamond,110.0,9,8,"[7, 9)"
244,2017,2017-08-03,62.0,75.5,6.0,nw,sunny,north of lockes,8:30,salmon,17.0,25.0,0,8:00,10:00,lockes,120.0,8,8,"[7, 9)"
245,2018,2018-08-24,64.0,73.7,9.0,nw,hazy,north of welch,8:30,salmon,17.0,41.0,0,7:55,10:30,welch,155.0,8,8,"[7, 9)"
246,2015,2015-04-26,52.23529411764706,39.4,11.0,nw,windy,sanders bay,8:30,salmon,18.0,2.0,0,8:00,11:00,sanders bay,180.0,4,8,"[7, 9)"
247,2015,2015-07-11,68.0,72.0,5.0,nw,sunny,south of sandy,8:30,salmon,10.0,25.0,0,6:30,9:20,sandy,170.0,7,8,"[7, 9)"
248,2018,2018-07-14,66.0,73.6,0.0,no_wind,overcast,east of lockes,8:34,salmon,23.0,35.0,0,8:00,11:45,lockes,225.0,7,8,"[7, 9)"
249,2015,2015-09-18,59.0,73.7,0.0,no_wind,sunny,alton bay,8:35,salmon,17.0,25.0,0,7:10,10:00,alton bay,170.0,9,8,"[7, 9)"
250,2015,2015-09-19,57.0,73.5,3.0,sw,sunny,alton bay,8:35,salmon,20.0,35.0,0,7:10,10:15,alton bay,185.0,9,8,"[7, 9)"
251,2016,2016-08-16,62.0,75.9,6.0,nw,overcast,north of diamond,8:35,salmon,10.0,31.0,0,7:45,10:00,diamond,135.0,8,8,"[7, 9)"
252,2017,2017-08-03,62.0,75.5,6.0,nw,sunny,north of lockes,8:35,salmon,17.0,20.0,0,8:00,10:00,lockes,120.0,8,8,"[7, 9)"
253,2018,2018-08-26,60.0,74.1,0.0,no_wind,sunny,north of diamond,8:38,salmon,17.0,47.0,0,7:15,10:15,diamond,180.0,8,8,"[7, 9)"
254,2018,2018-05-09,51.0,56.2,0.0,no_wind,sunny,little bear bay,8:40,salmon,23.0,8.0,0,7:30,11:00,little bear bay,210.0,5,8,"[7, 9)"
255,2017,2017-07-16,67.0,72.3,5.0,nw,sunny,north of diamond,8:40,salmon,18.0,29.0,0,7:45,9:50,diamond,125.0,7,8,"[7, 9)"
256,2015,2015-09-06,65.0,75.7,8.0,w,sunny,north of diamond,8:40,salmon,22.0,20.0,0,7:00,9:15,diamond,135.0,9,8,"[7, 9)"
257,2015,2015-08-27,65.0,76.3,8.0,nw,sunny,north of lockes,8:40,salmon,10.0,37.0,0,6:20,9:00,lockes,160.0,8,8,"[7, 9)"
258,2015,2015-07-11,68.0,72.0,5.0,nw,sunny,south of sandy,8:40,salmon,10.0,20.0,0,6:30,9:20,sandy,170.0,7,8,"[7, 9)"
259,2017,2017-05-27,54.0,55.5,5.0,nw,overcast,south of witches,8:40,salmon,16.0,15.0,0,7:45,10:30,witches,165.0,5,8,"[7, 9)"
260,2015,2015-08-14,60.0,74.3,8.0,nw,sunny,west of welch,8:40,salmon,17.0,37.0,0,6:00,10:10,welch,250.0,8,8,"[7, 9)"
261,2019,2019-08-21,63.08860759493671,75.33018867924528,10.0,nw,overcast,north of diamond,8:44,salmon,21.0,49.0,0,8:15,11:15,diamond,180.0,8,8,"[7, 9)"
262,2015,2015-09-19,57.0,73.5,3.0,sw,sunny,alton bay,8:45,salmon,18.0,29.0,0,7:10,10:15,alton bay,185.0,9,8,"[7, 9)"
263,2017,2017-09-04,55.0,66.2,12.0,sw,overcast,east of welch,8:45,salmon,18.0,10.0,0,7:00,10:15,welch,195.0,9,8,"[7, 9)"
264,2017,2017-04-23,45.0,44.9,3.0,w,sunny,harilla bay,8:45,salmon,20.0,2.0,0,7:45,11:00,harilla bay,195.0,4,8,"[7, 9)"
265,2017,2017-07-21,68.0,76.4,12.0,w,sunny,north of birch,8:45,salmon,10.0,23.0,0,6:30,10:30,birch,240.0,7,8,"[7, 9)"
266,2019,2019-08-14,63.08860759493671,75.33018867924528,8.0,ne,sunny,north of diamond,8:45,salmon,15.0,45.0,0,8:00,11:20,diamond,200.0,8,8,"[7, 9)"
267,2017,2017-05-06,48.0,45.8,5.0,e,raining,sanders bay,8:45,salmon,16.0,26.479166666666668,0,8:15,11:30,sanders bay,195.0,5,8,"[7, 9)"
268,2015,2015-08-25,71.0,76.7,12.0,se,overcast,south of sandy,8:45,salmon,17.0,15.0,0,6:40,8:45,sandy,125.0,8,8,"[7, 9)"
269,2015,2015-05-14,45.0,50.0,10.0,nw,no_weather_recorded,south of witches,8:45,salmon,20.0,38.0,0,7:15,11:55,witches,280.0,5,8,"[7, 9)"
270,2017,2017-08-21,62.0,72.3,5.0,nw,sunny,carr point,8:50,salmon,17.0,31.0,0,7:00,10:00,carr point,180.0,8,8,"[7, 9)"
271,2015,2015-04-29,46.0,42.3,0.0,no_wind,sunny,harilla bay,8:50,salmon,18.0,38.0,0,6:30,12:20,harilla bay,350.0,4,8,"[7, 9)"
272,2018,2018-05-07,58.0,52.8,5.0,sw,sunny,harilla bay,8:50,salmon,19.0,2.0,0,8:00,13:15,harilla bay,315.0,5,8,"[7, 9)"
273,2015,2015-08-30,63.0,75.3,4.0,w,overcast,north of diamond,8:50,salmon,17.0,20.0,0,7:30,10:25,diamond,175.0,8,8,"[7, 9)"
274,2018,2018-09-01,62.0,75.3,8.0,se,overcast,north of diamond,8:50,salmon,17.0,26.479166666666668,0,7:30,9:00,diamond,90.0,9,8,"[7, 9)"
275,2017,2017-08-25,58.0,72.5,10.0,w,hazy,north of diamond,8:50,salmon,18.0,20.0,0,7:15,9:45,diamond,150.0,8,8,"[7, 9)"
276,2017,2017-09-03,54.0,67.0,10.0,e,sunny,north of welch,8:50,salmon,18.0,20.0,0,7:45,10:30,welch,165.0,9,8,"[7, 9)"
277,2018,2018-06-01,70.0,63.4,7.0,w,overcast,north of welch,8:52,salmon,22.0,20.0,0,7:55,9:30,welch,95.0,6,8,"[7, 9)"
278,2015,2015-09-12,59.0,75.3,7.0,nw,sunny,east of rattlesnake,8:55,salmon,18.0,20.0,0,6:30,10:40,rattlesnake,250.0,9,8,"[7, 9)"
279,2015,2015-05-14,45.0,50.0,0.0,no_wind,no_weather_recorded,north of lockes,8:55,salmon,17.26222222222222,26.479166666666668,0,7:15,11:55,lockes,280.0,5,8,"[7, 9)"
280,2017,2017-09-02,52.0,66.8,10.0,nw,sunny,north of welch,8:55,salmon,18.0,20.0,0,8:00,10:45,welch,165.0,9,8,"[7, 9)"
281,2015,2015-04-27,52.23529411764706,40.3,0.0,no_wind,sunny,east of little bear bay,9:00,salmon,17.26222222222222,2.0,0,7:00,11:30,little bear bay,270.0,4,9,"[9, 11)"
282,2015,2015-05-02,42.0,44.0,0.0,no_wind,sunny,little bear bay,9:00,salmon,10.0,36.0,0,6:30,9:45,little bear bay,195.0,5,9,"[9, 11)"
283,2015,2015-08-30,63.0,75.3,4.0,w,overcast,north of diamond,9:00,salmon,10.0,27.0,0,7:30,10:25,diamond,175.0,8,9,"[9, 11)"
284,2015,2015-08-23,61.0,76.7,6.0,s,overcast,north of diamond,9:00,salmon,17.0,20.0,0,6:00,10:00,diamond,240.0,8,9,"[9, 11)"
285,2019,2019-08-17,63.08860759493671,75.33018867924528,6.0,ne,overcast,north of diamond,9:00,salmon,19.0,49.0,0,8:20,11:50,diamond,210.0,8,9,"[9, 11)"
286,2015,2015-08-08,55.0,74.8,5.0,nw,sunny,north of sandy,9:00,salmon,19.0,45.0,0,5:45,10:10,sandy,265.0,8,9,"[9, 11)"
287,2017,2017-08-05,60.0,74.1,6.0,nw,sunny,north of varney,9:00,salmon,17.0,25.0,0,7:30,9:30,varney,120.0,8,9,"[9, 11)"
288,2019,2019-08-12,63.08860759493671,75.33018867924528,15.0,nw,sunny,north of welch,9:00,salmon,18.0,51.0,0,8:45,11:00,welch,135.0,8,9,"[9, 11)"
289,2015,2015-08-14,60.0,74.3,8.0,nw,sunny,west of lockes,9:00,salmon,22.0,20.0,0,6:00,10:10,lockes,250.0,8,9,"[9, 11)"
290,2018,2018-08-02,73.0,76.0,8.0,sw,overcast,east of lockes,9:03,salmon,21.0,45.0,0,6:20,10:15,lockes,235.0,8,9,"[9, 11)"
291,2017,2017-08-26,49.0,71.5,10.0,nw,sunny,east of welch,9:05,salmon,18.0,25.0,0,6:10,10:45,welch,275.0,8,9,"[9, 11)"
292,2018,2018-05-07,58.0,52.8,5.0,sw,sunny,harilla bay,9:05,salmon,16.0,2.0,0,8:00,13:15,harilla bay,315.0,5,9,"[9, 11)"
293,2015,2015-08-28,63.0,75.2,5.0,nw,sunny,north of diamond,9:05,salmon,21.0,20.0,0,7:15,10:30,diamond,195.0,8,9,"[9, 11)"
294,2015,2015-04-29,46.0,42.3,0.0,no_wind,sunny,harilla bay,9:10,salmon,18.0,48.0,0,6:30,12:20,harilla bay,350.0,4,9,"[9, 11)"
295,2015,2015-08-23,61.0,76.7,6.0,s,overcast,north of diamond,9:10,salmon,19.0,20.0,0,6:00,10:00,diamond,240.0,8,9,"[9, 11)"
296,2015,2015-09-06,65.0,75.7,8.0,w,sunny,north of diamond,9:10,salmon,17.0,20.0,0,7:00,9:15,diamond,135.0,9,9,"[9, 11)"
297,2017,2017-09-02,52.0,66.8,10.0,nw,sunny,north of welch,9:10,salmon,16.0,23.0,0,8:00,10:45,welch,165.0,9,9,"[9, 11)"
298,2017,2017-09-03,54.0,67.0,10.0,e,sunny,north of welch,9:10,salmon,17.0,23.0,0,7:45,10:30,welch,165.0,9,9,"[9, 11)"
299,2017,2017-07-02,70.0,71.5,12.0,sw,sunny,north of diamond,9:12,salmon,22.0,31.0,0,7:45,10:00,diamond,135.0,7,9,"[9, 11)"
300,2018,2018-09-02,64.0,75.0,7.0,sw,overcast,alton bay,9:15,salmon,17.0,45.0,0,7:20,10:20,alton bay,180.0,9,9,"[9, 11)"
301,2015,2015-09-12,59.0,75.3,7.0,nw,sunny,east of rattlesnake,9:15,salmon,18.0,20.0,0,6:30,10:40,rattlesnake,250.0,9,9,"[9, 11)"
302,2015,2015-09-03,69.0,75.5,4.0,nw,hazy,north of diamond,9:15,salmon,20.0,33.0,0,6:30,9:30,diamond,180.0,9,9,"[9, 11)"
303,2017,2017-08-25,58.0,72.5,10.0,w,hazy,north of diamond,9:15,salmon,18.0,25.0,0,7:15,9:45,diamond,150.0,8,9,"[9, 11)"
304,2019,2019-08-12,63.08860759493671,75.33018867924528,15.0,nw,sunny,north of welch,9:15,salmon,15.0,51.0,0,8:45,11:00,welch,135.0,8,9,"[9, 11)"
305,2015,2015-08-28,63.0,75.2,5.0,nw,sunny,north of diamond,9:20,salmon,17.0,20.0,0,7:15,10:30,diamond,195.0,8,9,"[9, 11)"
306,2017,2017-05-06,48.0,45.8,5.0,e,raining,sanders bay,9:20,salmon,17.0,26.479166666666668,0,8:15,11:30,sanders bay,195.0,5,9,"[9, 11)"
307,2015,2015-07-21,69.0,75.3,5.0,sw,no_weather_recorded,south of welch,9:20,salmon,19.0,35.0,0,6:30,10:15,welch,225.0,7,9,"[9, 11)"
308,2018,2018-08-29,73.0,76.2,6.0,sw,sunny,north of diamond,9:22,salmon,17.0,45.0,0,7:15,9:55,diamond,160.0,8,9,"[9, 11)"
309,2018,2018-07-20,63.0,74.9,7.0,sw,sunny,north of diamond,9:25,salmon,19.0,17.0,0,7:00,10:30,diamond,210.0,7,9,"[9, 11)"
310,2019,2019-08-14,63.08860759493671,75.33018867924528,8.0,ne,sunny,north of diamond,9:25,salmon,15.0,45.0,0,8:00,11:20,diamond,200.0,8,9,"[9, 11)"
311,2019,2019-08-15,63.08860759493671,75.33018867924528,8.0,ne,sunny,north of diamond,9:25,salmon,15.0,45.0,0,8:00,11:20,diamond,200.0,8,9,"[9, 11)"
312,2016,2016-08-20,65.0,75.6,10.0,se,sunny,north of welch,9:25,salmon,10.0,37.0,0,8:00,10:15,welch,135.0,8,9,"[9, 11)"
313,2015,2015-07-22,61.0,75.0,10.0,nw,no_weather_recorded,east of witches,9:30,salmon,16.0,26.479166666666668,0,6:30,10:30,witches,240.0,7,9,"[9, 11)"
314,2019,2019-05-08,55.0,48.6,12.0,nw,sunny,harilla bay,9:30,salmon,21.0,2.0,0,8:30,10:30,harilla bay,120.0,5,9,"[9, 11)"
315,2015,2015-08-28,63.0,75.2,5.0,nw,sunny,north of diamond,9:30,salmon,18.0,43.0,0,7:15,10:30,diamond,195.0,8,9,"[9, 11)"
316,2015,2015-08-23,61.0,76.7,6.0,s,overcast,north of diamond,9:30,salmon,17.0,20.0,0,6:00,10:00,diamond,240.0,8,9,"[9, 11)"
317,2015,2015-08-07,54.0,74.5,7.0,sw,sunny,north of diamond,9:30,salmon,10.0,27.0,0,6:10,9:45,diamond,215.0,8,9,"[9, 11)"
318,2016,2016-08-08,60.0,75.3,8.0,w,sunny,north of lockes,9:30,salmon,19.0,22.0,0,7:00,10:10,lockes,190.0,8,9,"[9, 11)"
319,2017,2017-08-09,58.0,72.6,6.0,nw,sunny,north of varney,9:30,salmon,18.0,25.0,0,7:30,10:30,varney,180.0,8,9,"[9, 11)"
320,2015,2015-07-12,69.0,72.0,10.0,ne,sunny,south of sandy,9:30,salmon,10.0,25.0,0,8:30,10:20,sandy,110.0,7,9,"[9, 11)"
321,2017,2017-04-27,53.0,48.0,0.0,no_wind,overcast,harilla bay,9:35,salmon,20.0,2.0,0,8:00,10:45,harilla bay,165.0,4,9,"[9, 11)"
322,2015,2015-09-05,53.0,75.0,5.0,sw,sunny,north of diamond,9:35,salmon,23.0,20.0,0,7:00,11:00,diamond,240.0,9,9,"[9, 11)"
323,2015,2015-09-12,59.0,75.3,7.0,nw,sunny,east of rattlesnake,9:40,salmon,10.0,27.0,0,6:30,10:40,rattlesnake,250.0,9,9,"[9, 11)"
324,2015,2015-07-21,69.0,75.3,5.0,sw,no_weather_recorded,south of welch,9:40,salmon,19.0,35.0,0,6:30,10:15,welch,225.0,7,9,"[9, 11)"
325,2015,2015-07-22,61.0,75.0,10.0,nw,no_weather_recorded,east of witches,9:45,salmon,17.0,26.479166666666668,0,6:30,10:30,witches,240.0,7,9,"[9, 11)"
326,2015,2015-08-30,63.0,75.3,4.0,w,overcast,north of diamond,9:45,salmon,10.0,33.0,0,7:30,10:25,diamond,175.0,8,9,"[9, 11)"
327,2015,2015-08-28,63.0,75.2,5.0,nw,sunny,north of diamond,9:45,salmon,17.0,20.0,0,7:15,10:30,diamond,195.0,8,9,"[9, 11)"
328,2015,2015-08-23,61.0,76.7,6.0,s,overcast,north of diamond,9:45,salmon,10.0,31.0,0,6:00,10:00,diamond,240.0,8,9,"[9, 11)"
329,2018,2018-05-16,53.0,57.6,10.0,se,sunny,sanders bay,9:45,salmon,14.0,29.0,0,7:15,11:30,sanders bay,255.0,5,9,"[9, 11)"
330,2015,2015-07-21,69.0,75.3,5.0,sw,no_weather_recorded,south of welch,9:45,salmon,19.0,35.0,0,6:30,10:15,welch,225.0,7,9,"[9, 11)"
331,2018,2018-08-26,60.0,74.1,0.0,no_wind,sunny,north of diamond,9:47,salmon,22.0,51.0,0,7:15,10:15,diamond,180.0,8,9,"[9, 11)"
332,2019,2019-08-24,63.08860759493671,75.33018867924528,6.0,nw,sunny,north of diamond,9:49,salmon,21.0,43.0,0,8:10,11:15,diamond,185.0,8,9,"[9, 11)"
333,2018,2018-05-08,54.0,55.0,0.0,no_wind,sunny,harilla bay,9:50,salmon,18.0,20.0,0,7:30,12:15,harilla bay,285.0,5,9,"[9, 11)"
334,2018,2018-05-09,51.0,56.2,0.0,no_wind,sunny,little bear bay,9:50,salmon,18.0,13.0,0,7:30,11:00,little bear bay,210.0,5,9,"[9, 11)"
335,2017,2017-07-15,70.0,72.1,4.0,sw,overcast,north of diamond,9:50,salmon,17.0,25.0,0,7:45,10:45,diamond,180.0,7,9,"[9, 11)"
336,2016,2016-06-24,60.0,67.0,5.0,w,sunny,north of diamond,9:50,salmon,10.0,49.0,0,7:30,10:15,diamond,165.0,6,9,"[9, 11)"
337,2015,2015-08-23,61.0,76.7,6.0,s,overcast,north of welch,9:55,salmon,10.0,25.0,0,6:00,10:00,welch,240.0,8,9,"[9, 11)"
338,2017,2017-07-15,70.0,72.1,4.0,sw,overcast,north of diamond,10:00,salmon,19.0,25.0,0,7:45,10:45,diamond,180.0,7,10,"[9, 11)"
339,2016,2016-06-19,63.0,63.0,5.0,w,sunny,north of diamond,10:00,salmon,10.0,27.0,0,8:15,10:30,diamond,135.0,6,10,"[9, 11)"
340,2015,2015-08-28,63.0,75.2,5.0,nw,sunny,north of diamond,10:00,salmon,10.0,20.0,0,7:15,10:30,diamond,195.0,8,10,"[9, 11)"
341,2017,2017-07-02,70.0,71.5,12.0,sw,sunny,north of diamond,10:00,salmon,16.0,33.0,0,7:45,10:00,diamond,135.0,7,10,"[9, 11)"
342,2018,2018-04-28,46.0,42.2,0.0,no_wind,fog,sanders bay,10:00,salmon,23.0,2.0,0,8:00,11:30,sanders bay,210.0,4,10,"[9, 11)"
343,2015,2015-08-29,62.0,74.8,6.0,sw,hazy,south of welch,10:00,salmon,20.0,25.0,0,7:30,10:45,welch,195.0,8,10,"[9, 11)"
344,2017,2017-05-27,54.0,55.5,5.0,nw,overcast,south of witches,10:00,salmon,16.0,17.0,0,7:45,10:30,witches,165.0,5,10,"[9, 11)"
345,2018,2018-05-08,54.0,55.0,0.0,no_wind,sunny,harilla bay,10:05,salmon,19.0,20.0,0,7:30,12:15,harilla bay,285.0,5,10,"[9, 11)"
346,2019,2019-08-21,63.08860759493671,75.33018867924528,10.0,nw,overcast,north of diamond,10:09,salmon,16.0,49.0,0,8:15,11:15,diamond,180.0,8,10,"[9, 11)"
347,2018,2018-08-26,60.0,74.1,0.0,no_wind,sunny,north of diamond,10:15,salmon,22.0,51.0,0,7:15,10:15,diamond,180.0,8,10,"[9, 11)"
348,2015,2015-08-28,63.0,75.2,5.0,nw,sunny,north of diamond,10:15,salmon,10.0,27.0,0,7:15,10:30,diamond,195.0,8,10,"[9, 11)"
349,2019,2019-08-30,63.08860759493671,75.33018867924528,10.0,sw,sunny,north of diamond,10:20,salmon,16.0,51.0,0,8:30,10:50,diamond,140.0,8,10,"[9, 11)"
350,2016,2016-06-18,60.0,65.0,0.0,no_wind,sunny,north of welch,10:30,salmon,10.0,41.0,0,8:15,11:00,welch,165.0,6,10,"[9, 11)"
351,2018,2018-05-08,54.0,55.0,0.0,no_wind,sunny,harilla bay,10:50,salmon,18.0,20.0,0,7:30,12:15,harilla bay,285.0,5,10,"[9, 11)"
352,2017,2017-04-22,37.0,45.9,0.0,no_wind,overcast,harilla bay,10:55,salmon,22.0,2.0,0,10:00,12:00,harilla bay,120.0,4,10,"[9, 11)"
353,2018,2018-05-08,54.0,55.0,0.0,no_wind,sunny,harilla bay,11:30,salmon,18.0,20.0,0,7:30,12:15,harilla bay,285.0,5,11,"[11, 13)"
354,2016,2016-08-14,85.0,76.7,8.0,w,overcast,north of diamond,11:45,salmon,21.0,31.0,0,11:30,12:30,diamond,60.0,8,11,"[11, 13)"
355,2022,2022-04-30,52.23529411764706,48.0,10.0,nw,sunny,harilla bay,12:03,salmon,17.0,10.0,0,10:00,14:00,harilla bay,240.0,4,12,"[11, 13)"
356,2018,2018-05-07,58.0,52.8,5.0,sw,sunny,sanders bay,12:35,salmon,16.0,15.0,0,8:00,13:15,sanders bay,315.0,5,12,"[11, 13)"
357,2016,2016-06-11,64.0,57.0,6.0,sw,overcast,north of welch,12:45,salmon,17.0,2.0,0,12:30,16:00,welch,210.0,6,12,"[11, 13)"
358,2018,2018-05-07,58.0,52.8,5.0,sw,sunny,sanders bay,12:50,salmon,18.0,15.0,0,8:00,13:15,sanders bay,315.0,5,12,"[11, 13)"
359,2016,2016-04-18,60.0,48.0,7.0,se,sunny,harilla bay,14:00,salmon,18.0,2.0,0,13:00,16:00,harilla bay,180.0,4,14,"[13, 15)"
360,2016,2016-04-18,60.0,48.0,7.0,se,sunny,harilla bay,14:02,salmon,17.0,2.0,0,13:00,16:00,harilla bay,180.0,4,14,"[13, 15)"
361,2015,2015-05-15,69.0,55.0,5.0,nw,no_weather_recorded,harilla bay,14:30,salmon,18.0,26.479166666666668,0,14:30,16:20,harilla bay,110.0,5,14,"[13, 15)"
362,2016,2016-04-18,60.0,48.0,7.0,se,sunny,harilla bay,14:30,salmon,17.0,2.0,0,13:00,16:00,harilla bay,180.0,4,14,"[13, 15)"
363,2016,2016-04-21,66.0,50.0,6.0,sw,sunny,harilla bay,14:55,salmon,22.0,2.0,0,14:15,15:45,harilla bay,90.0,4,14,"[13, 15)"
364,2016,2016-04-21,66.0,50.0,6.0,sw,sunny,harilla bay,15:30,salmon,23.0,2.0,0,14:15,15:45,harilla bay,90.0,4,15,"[15, 17)"
365,2018,2018-05-02,54.0,45.2,7.0,nw,sunny,sanders bay,15:50,salmon,17.0,2.0,0,15:30,16:45,sanders bay,75.0,5,15,"[15, 17)"
366,2015,2015-05-15,69.0,55.0,5.0,nw,no_weather_recorded,little bear bay,16:20,salmon,18.0,26.479166666666668,0,14:30,16:20,little bear bay,110.0,5,16,"[15, 17)"
367,2017,2017-09-16,64.0,69.6,0.0,no_wind,sunny,north of diamond,7:40,salmon,18.0,20.0,0,7:15,10:15,diamond,180.0,9,7,"[7, 9)"
368,2018,2018-04-24,65.0,41.5,10.0,sw,sunny,sanders bay,16:45,salmon,18.0,2.0,0,16:30,17:45,sanders bay,75.0,4,16,"[15, 17)"
369,2015,2015-08-27,65.0,76.3,8.0,nw,sunny,north of lockes,7:15,smallmouth,12.8,20.0,0,6:20,9:00,lockes,160.0,8,7,"[7, 9)"
370,2016,2016-08-23,47.0,73.1,6.0,sw,sunny,south of welch,7:25,smallmouth,10.0,35.0,0,7:10,9:00,welch,110.0,8,7,"[7, 9)"
371,2016,2016-08-27,63.0,74.6,6.0,w,sunny,south of welch,8:00,smallmouth,10.0,35.0,0,7:30,10:00,welch,150.0,8,8,"[7, 9)"
372,2016,2016-07-12,62.0,71.8,8.0,sw,sunny,east of welch,8:35,smallmouth,10.0,25.0,0,7:45,10:45,welch,180.0,7,8,"[7, 9)"
373,2016,2016-08-21,65.0,75.1,0.0,no_wind,overcast,north of diamond,9:00,smallmouth,17.0,35.0,0,7:30,10:30,diamond,180.0,8,9,"[9, 11)"
374,2018,2018-04-25,48.0,41.9,5.0,ne,raining,sanders bay,12:55,smallmouth,17.0,2.0,0,11:45,13:10,sanders bay,85.0,4,12,"[11, 13)"
375,2015,2015-09-03,69.0,75.5,4.0,nw,hazy,north of diamond,6:30,white perch,10.0,27.857142857142858,0,6:30,9:30,diamond,180.0,9,6,"[5, 7)"
376,2016,2016-07-12,62.0,71.8,8.0,sw,sunny,east of welch,7:45,white perch,10.0,25.0,0,7:45,10:45,welch,180.0,7,7,"[7, 9)"
377,2016,2016-08-23,47.0,73.1,6.0,sw,sunny,south of welch,7:55,white perch,10.0,35.0,0,7:10,9:00,welch,110.0,8,7,"[7, 9)"
378,2018,2018-07-21,65.0,74.2,5.0,se,sunny,north of welch,8:00,white perch,10.0,20.0,0,7:30,9:30,welch,120.0,7,8,"[7, 9)"
379,2018,2018-08-15,69.0,76.1,5.0,sw,overcast,south of welch,8:02,white perch,10.0,30.0,0,7:15,10:00,welch,165.0,8,8,"[7, 9)"
380,2018,2018-08-08,74.0,79.6,6.0,nw,overcast,north of diamond,8:30,white perch,10.0,30.0,0,7:15,9:45,diamond,150.0,8,8,"[7, 9)"
381,2018,2018-08-08,74.0,79.6,6.0,nw,overcast,north of diamond,8:45,white perch,10.0,30.0,0,7:15,9:45,diamond,150.0,8,8,"[7, 9)"
382,2017,2017-07-15,70.0,72.1,4.0,sw,overcast,north of diamond,10:45,white perch,10.0,25.0,0,7:45,10:45,diamond,180.0,7,10,"[9, 11)"
383,2018,2018-09-03,65.0,75.8,3.0,sw,sunny,alton bay,no_time_recorded,no_fish_caught,0.0,0.0,1,7:55,9:40,alton bay,105.0,9,0,
384,2019,2019-09-22,61.52941176470589,73.1078431372549,3.0,nw,fog,alton bay,no_time_recorded,no_fish_caught,0.0,0.0,1,8:00,9:40,alton bay,100.0,9,0,
385,2015,2015-09-23,49.0,70.9,10.0,nw,sunny,alton bay,no_time_recorded,no_fish_caught,0.0,0.0,1,7:45,10:30,alton bay,165.0,9,0,
386,2022,2022-04-11,52.23529411764706,42.0,0.0,no_wind,overcast,east of governors,no_time_recorded,no_fish_caught,0.0,0.0,1,10:00,11:30,governors,90.0,4,0,
387,2019,2019-06-23,65.0,65.0,10.0,nw,sunny,east of governors,no_time_recorded,no_fish_caught,0.0,0.0,1,8:00,9:00,governors,60.0,6,0,
388,2018,2018-05-31,64.0,61.1,5.0,n,sunny,east of lockes,no_time_recorded,no_fish_caught,0.0,0.0,1,8:15,11:00,lockes,165.0,5,0,
389,2017,2017-09-15,63.0,68.3,5.0,nw,fog,east of lockes,no_time_recorded,no_fish_caught,0.0,0.0,1,7:00,10:00,lockes,180.0,9,0,
390,2018,2018-07-28,70.0,75.4,5.0,w,overcast,east of lockes,no_time_recorded,no_fish_caught,0.0,0.0,1,6:45,9:00,lockes,135.0,7,0,
391,2019,2019-05-27,61.0,55.6,8.0,sw,sunny,east of welch,no_time_recorded,no_fish_caught,0.0,0.0,1,7:45,9:45,welch,120.0,5,0,
392,2015,2015-07-03,58.0,68.3,8.0,nw,sunny,east of welch,no_time_recorded,no_fish_caught,0.0,0.0,1,7:55,10:20,welch,145.0,7,0,
393,2018,2018-06-27,63.0,67.6,9.0,sw,sunny,east of welch,no_time_recorded,no_fish_caught,0.0,0.0,1,7:15,9:15,welch,120.0,6,0,
394,2017,2017-06-21,64.0,67.0,10.0,sw,overcast,east of welch,no_time_recorded,no_fish_caught,0.0,0.0,1,7:45,9:45,welch,120.0,6,0,
395,2019,2019-05-26,55.0,56.7,7.0,nw,overcast,east of witches,no_time_recorded,no_fish_caught,0.0,0.0,1,7:00,10:45,witches,225.0,5,0,
396,2015,2015-06-26,59.0,68.0,10.0,sw,overcast,east of witches,no_time_recorded,no_fish_caught,0.0,0.0,1,6:45,8:30,witches,105.0,6,0,
397,2022,2022-04-09,52.23529411764706,40.0,0.0,no_wind,overcast,harilla bay,no_time_recorded,no_fish_caught,0.0,0.0,1,9:00,12:00,harilla bay,180.0,4,0,
398,2018,2018-04-27,51.0,45.4,0.0,no_wind,overcast,harilla bay,no_time_recorded,no_fish_caught,0.0,0.0,1,13:00,15:00,harilla bay,120.0,4,0,
399,2018,2018-05-13,42.0,53.9,0.0,no_wind,sunny,harilla bay,no_time_recorded,no_fish_caught,0.0,0.0,1,7:45,9:30,harilla bay,105.0,5,0,
400,2019,2019-05-26,55.0,56.7,7.0,nw,overcast,harilla bay,no_time_recorded,no_fish_caught,0.0,0.0,1,7:00,10:45,harilla bay,225.0,5,0,
401,2017,2017-05-07,53.0,48.9,10.0,s,overcast,harilla bay,no_time_recorded,no_fish_caught,0.0,0.0,1,8:00,10:00,harilla bay,120.0,5,0,
402,2018,2018-05-13,42.0,53.9,0.0,no_wind,sunny,little bear bay,no_time_recorded,no_fish_caught,0.0,0.0,1,7:45,9:30,little bear bay,105.0,5,0,
403,2018,2018-05-12,47.0,54.6,0.0,no_wind,sunny,little bear bay,no_time_recorded,no_fish_caught,0.0,0.0,1,8:30,11:00,little bear bay,150.0,5,0,
404,2019,2019-05-26,55.0,56.7,7.0,nw,overcast,little bear bay,no_time_recorded,no_fish_caught,0.0,0.0,1,7:00,10:45,little bear bay,225.0,5,0,
405,2018,2018-06-23,63.0,67.6,0.0,no_wind,overcast,north of diamond,no_time_recorded,no_fish_caught,0.0,0.0,1,7:30,10:45,diamond,195.0,6,0,
406,2015,2015-07-07,69.0,70.4,0.0,no_wind,overcast,north of diamond,no_time_recorded,no_fish_caught,0.0,0.0,1,7:30,9:15,diamond,105.0,7,0,
407,2016,2016-06-25,68.0,68.0,4.0,s,sunny,north of diamond,no_time_recorded,no_fish_caught,0.0,0.0,1,7:30,9:45,diamond,135.0,6,0,
408,2016,2016-06-29,71.0,70.7,4.0,ne,overcast,north of diamond,no_time_recorded,no_fish_caught,0.0,0.0,1,8:00,10:15,diamond,135.0,6,0,
409,2018,2018-05-17,52.0,52.7,6.0,nw,overcast,north of diamond,no_time_recorded,no_fish_caught,0.0,0.0,1,6:15,9:30,diamond,195.0,5,0,
410,2015,2015-06-04,51.0,57.5,6.0,sw,overcast,north of diamond,no_time_recorded,no_fish_caught,0.0,0.0,1,5:15,7:45,diamond,150.0,6,0,
411,2019,2019-09-03,61.52941176470589,73.1078431372549,6.0,nw,sunny,north of diamond,no_time_recorded,no_fish_caught,0.0,0.0,1,8:00,9:30,diamond,90.0,9,0,
412,2015,2015-09-17,59.0,72.3,7.0,w,sunny,north of diamond,no_time_recorded,no_fish_caught,0.0,0.0,1,6:45,9:00,diamond,135.0,9,0,
413,2015,2015-06-12,66.0,63.6,8.0,nw,overcast,north of diamond,no_time_recorded,no_fish_caught,0.0,0.0,1,7:15,9:10,diamond,115.0,6,0,
414,2016,2016-07-15,72.0,73.4,8.0,sw,sunny,north of diamond,no_time_recorded,no_fish_caught,0.0,0.0,1,8:00,10:00,diamond,120.0,7,0,
415,2017,2017-06-22,67.0,67.0,10.0,nw,sunny,north of diamond,no_time_recorded,no_fish_caught,0.0,0.0,1,7:05,8:11,diamond,66.0,6,0,
416,2019,2019-08-02,65.0,78.3,10.0,sw,sunny,north of diamond,no_time_recorded,no_fish_caught,0.0,0.0,1,8:45,10:00,diamond,75.0,8,0,
417,2016,2016-08-03,60.0,75.6,4.0,sw,sunny,north of lockes,no_time_recorded,no_fish_caught,0.0,0.0,1,7:40,10:15,lockes,155.0,8,0,
418,2016,2016-05-29,65.0,62.9,12.0,se,overcast,north of lockes,no_time_recorded,no_fish_caught,0.0,0.0,1,7:30,9:00,lockes,90.0,5,0,
419,2017,2017-07-03,69.0,71.0,15.0,sw,sunny,north of lockes,no_time_recorded,no_fish_caught,0.0,0.0,1,7:30,9:00,lockes,90.0,7,0,
420,2015,2015-06-04,51.0,57.5,6.0,sw,overcast,north of rattlesnake,no_time_recorded,no_fish_caught,0.0,0.0,1,5:15,7:45,rattlesnake,150.0,6,0,
421,2016,2016-06-05,64.0,67.7,12.0,ne,overcast,north of timber,no_time_recorded,no_fish_caught,0.0,0.0,1,8:00,9:30,timber,90.0,6,0,
422,2018,2018-07-15,68.0,73.5,0.0,no_wind,overcast,north of welch,no_time_recorded,no_fish_caught,0.0,0.0,1,7:20,10:05,welch,165.0,7,0,
423,2015,2015-07-13,69.0,74.3,3.0,nw,sunny,north of welch,no_time_recorded,no_fish_caught,0.0,0.0,1,7:00,9:00,welch,120.0,7,0,
424,2018,2018-07-27,68.0,75.3,3.0,w,sunny,north of welch,no_time_recorded,no_fish_caught,0.0,0.0,1,7:15,9:45,welch,150.0,7,0,
425,2015,2015-09-22,50.0,71.1,4.0,ne,overcast,north of welch,no_time_recorded,no_fish_caught,0.0,0.0,1,7:30,9:25,welch,115.0,9,0,
426,2020,2020-06-20,60.54054054054054,63.79736842105264,4.0,sw,sunny,north of welch,no_time_recorded,no_fish_caught,0.0,0.0,1,6:35,9:00,welch,145.0,6,0,
427,2017,2017-08-27,50.0,71.5,5.0,sw,sunny,north of welch,no_time_recorded,no_fish_caught,0.0,0.0,1,7:45,10:00,welch,135.0,8,0,
428,2017,2017-08-01,68.0,74.3,5.0,w,sunny,north of welch,no_time_recorded,no_fish_caught,0.0,0.0,1,7:30,9:45,welch,135.0,8,0,
429,2017,2017-08-24,59.0,72.7,6.0,sw,sunny,north of welch,no_time_recorded,no_fish_caught,0.0,0.0,1,7:30,9:45,welch,135.0,8,0,
430,2017,2017-06-14,73.0,66.0,8.0,n,sunny,north of welch,no_time_recorded,no_fish_caught,0.0,0.0,1,18:30,19:30,welch,60.0,6,0,
431,2017,2017-07-06,68.0,72.5,8.0,nw,overcast,north of welch,no_time_recorded,no_fish_caught,0.0,0.0,1,7:30,10:00,welch,150.0,7,0,
432,2019,2019-06-02,64.0,64.5,12.0,nw,sunny,north of welch,no_time_recorded,no_fish_caught,0.0,0.0,1,7:45,9:15,welch,90.0,6,0,
433,2021,2021-08-02,63.08860759493671,71.0,14.0,n,sunny,north of welch,no_time_recorded,no_fish_caught,0.0,0.0,1,11:15,12:00,welch,45.0,8,0,
434,2022,2022-04-10,52.23529411764706,42.0,0.0,no_wind,overcast,sanders bay,no_time_recorded,no_fish_caught,0.0,0.0,1,8:30,11:30,sanders bay,180.0,4,0,
435,2015,2015-05-01,55.0,44.2,0.0,no_wind,sunny,sanders bay,no_time_recorded,no_fish_caught,0.0,0.0,1,16:30,18:15,sanders bay,105.0,5,0,
436,2018,2018-05-03,63.0,46.0,0.0,no_wind,overcast,sanders bay,no_time_recorded,no_fish_caught,0.0,0.0,1,7:30,9:15,sanders bay,105.0,5,0,
437,2018,2018-05-17,52.0,52.7,6.0,nw,overcast,sanders bay,no_time_recorded,no_fish_caught,0.0,0.0,1,6:15,9:30,sanders bay,195.0,5,0,
438,2015,2015-08-09,59.0,74.7,6.0,sw,sunny,south of diamond,no_time_recorded,no_fish_caught,0.0,0.0,1,6:15,8:00,diamond,105.0,8,0,
439,2015,2015-07-17,53.0,73.3,5.0,nw,no_weather_recorded,south of sandy,no_time_recorded,no_fish_caught,0.0,0.0,1,6:20,7:45,sandy,85.0,7,0,
440,2018,2018-06-06,54.0,62.6,4.0,s,fog,south of welch,no_time_recorded,no_fish_caught,0.0,0.0,1,7:10,10:30,welch,200.0,6,0,
441,2018,2018-06-06,54.0,62.6,4.0,s,fog,south of welch,no_time_recorded,no_fish_caught,0.0,0.0,1,7:15,10:10,welch,175.0,6,0,
442,2015,2015-09-16,57.0,72.2,5.0,w,sunny,south of welch,no_time_recorded,no_fish_caught,0.0,0.0,1,7:00,9:45,welch,165.0,9,0,
443,2015,2015-07-30,72.0,76.7,5.0,w,sunny,south of welch,no_time_recorded,no_fish_caught,0.0,0.0,1,7:30,9:10,welch,100.0,7,0,
444,2015,2015-08-20,75.0,77.9,6.0,se,sunny,south of welch,no_time_recorded,no_fish_caught,0.0,0.0,1,8:00,9:30,welch,90.0,8,0,
445,2018,2018-06-13,64.0,63.0,10.0,nw,sunny,south of welch,no_time_recorded,no_fish_caught,0.0,0.0,1,16:55,19:20,welch,145.0,6,0,
446,2017,2017-07-22,72.0,76.4,10.0,sw,sunny,south of welch,no_time_recorded,no_fish_caught,0.0,0.0,1,7:15,9:00,welch,105.0,7,0,
447,2022,2022-04-18,52.23529411764706,45.0,7.0,e,overcast,spindle point,no_time_recorded,no_fish_caught,0.0,0.0,1,9:30,11:45,spindle point,135.0,4,0,
448,2017,2017-08-24,59.0,72.7,6.0,sw,sunny,varney point,no_time_recorded,no_fish_caught,0.0,0.0,1,7:30,9:45,varney point,135.0,8,0,
449,2015,2015-07-19,68.0,73.8,3.0,nw,hazy,west of 6 mile,no_time_recorded,no_fish_caught,0.0,0.0,1,7:00,8:30,6 mile,90.0,7,0,
450,2018,2018-08-25,60.0,74.4,4.0,nw,fog,west of lockes,no_time_recorded,no_fish_caught,0.0,0.0,1,7:30,10:00,lockes,150.0,8,0,
451,2018,2018-08-19,66.0,76.1,11.0,ne,sunny,west of lockes,no_time_recorded,no_fish_caught,0.0,0.0,1,7:30,9:20,lockes,110.0,8,0,
452,2019,2019-08-25,63.08860759493671,75.33018867924528,12.0,ne,sunny,west of lockes,no_time_recorded,no_fish_caught,0.0,0.0,1,8:15,9:45,lockes,90.0,8,0,
453,2019,2019-08-25,63.08860759493671,75.33018867924528,12.0,ne,sunny,west of welch,no_time_recorded,no_fish_caught,0.0,0.0,1,8:15,9:45,welch,90.0,8,0,
454,2022-06-22,alton bay,Salmon,0.0,0.0,08:45:00,sunny,0.0,0.0,sw,0.0,0.0,0,0,0,0,0.0,0,0,0
